initial domains :
+---------+---------+---------+---------+---------+---------+---------+---------+---------+
| [1,2,3, | [1,2,3, | [1,2,3, | [1,2,3, | [1,2,3, | [1,2,3, | [1,2,3, | [1,2,3, | [1,2,3, | 
|  4,5,6, |  4,5,6, |  4,5,6, |  4,5,6, |  4,5,6, |  4,5,6, |  4,5,6, |  4,5,6, |  4,5,6, | 
|  7,8,9] |  7,8,9] |  7,8,9] |  7,8,9] |  7,8,9] |  7,8,9] |  7,8,9] |  7,8,9] |  7,8,9] | 
+---------+---------+---------+---------+---------+---------+---------+---------+---------+
| [1,2,3, | [1,2,3, | [1,2,3, | [1,2,3, | [1,2,3, | [1,2,3, | [1,2,3, | [1,2,3, | [1,2,3, | 
|  4,5,6, |  4,5,6, |  4,5,6, |  4,5,6, |  4,5,6, |  4,5,6, |  4,5,6, |  4,5,6, |  4,5,6, | 
|  7,8,9] |  7,8,9] |  7,8,9] |  7,8,9] |  7,8,9] |  7,8,9] |  7,8,9] |  7,8,9] |  7,8,9] | 
+---------+---------+---------+---------+---------+---------+---------+---------+---------+
| [1,2,3, | [1,2,3, | [1,2,3, | [1,2,3, | [1,2,3, | [1,2,3, | [1,2,3, | [1,2,3, | [1,2,3, | 
|  4,5,6, |  4,5,6, |  4,5,6, |  4,5,6, |  4,5,6, |  4,5,6, |  4,5,6, |  4,5,6, |  4,5,6, | 
|  7,8,9] |  7,8,9] |  7,8,9] |  7,8,9] |  7,8,9] |  7,8,9] |  7,8,9] |  7,8,9] |  7,8,9] | 
+---------+---------+---------+---------+---------+---------+---------+---------+---------+
| [1,2,3, |   [4]   | [1,2,3, | [1,2,3, | [1,2,3, | [1,2,3, | [1,2,3, | [1,2,3, | [1,2,3, | 
|  4,5,6, |         |  4,5,6, |  4,5,6, |  4,5,6, |  4,5,6, |  4,5,6, |  4,5,6, |  4,5,6, | 
|  7,8,9] |         |  7,8,9] |  7,8,9] |  7,8,9] |  7,8,9] |  7,8,9] |  7,8,9] |  7,8,9] | 
+---------+---------+---------+---------+---------+---------+---------+---------+---------+
| [1,2,3, |   [5]   | [1,2,3, | [1,2,3, | [1,2,3, | [1,2,3, | [1,2,3, | [1,2,3, | [1,2,3, | 
|  4,5,6, |         |  4,5,6, |  4,5,6, |  4,5,6, |  4,5,6, |  4,5,6, |  4,5,6, |  4,5,6, | 
|  7,8,9] |         |  7,8,9] |  7,8,9] |  7,8,9] |  7,8,9] |  7,8,9] |  7,8,9] |  7,8,9] | 
+---------+---------+---------+---------+---------+---------+---------+---------+---------+
| [1,2,3, | [1,2,3, | [1,2,3, | [1,2,3, | [1,2,3, | [1,2,3, | [1,2,3, | [1,2,3, | [1,2,3, | 
|  4,5,6, |  4,5,6, |  4,5,6, |  4,5,6, |  4,5,6, |  4,5,6, |  4,5,6, |  4,5,6, |  4,5,6, | 
|  7,8,9] |  7,8,9] |  7,8,9] |  7,8,9] |  7,8,9] |  7,8,9] |  7,8,9] |  7,8,9] |  7,8,9] | 
+---------+---------+---------+---------+---------+---------+---------+---------+---------+
| [1,2,3, | [1,2,3, | [1,2,3, | [1,2,3, | [1,2,3, | [1,2,3, | [1,2,3, | [1,2,3, | [1,2,3, | 
|  4,5,6, |  4,5,6, |  4,5,6, |  4,5,6, |  4,5,6, |  4,5,6, |  4,5,6, |  4,5,6, |  4,5,6, | 
|  7,8,9] |  7,8,9] |  7,8,9] |  7,8,9] |  7,8,9] |  7,8,9] |  7,8,9] |  7,8,9] |  7,8,9] | 
+---------+---------+---------+---------+---------+---------+---------+---------+---------+
| [1,2,3, | [1,2,3, | [1,2,3, | [1,2,3, | [1,2,3, | [1,2,3, | [1,2,3, | [1,2,3, | [1,2,3, | 
|  4,5,6, |  4,5,6, |  4,5,6, |  4,5,6, |  4,5,6, |  4,5,6, |  4,5,6, |  4,5,6, |  4,5,6, | 
|  7,8,9] |  7,8,9] |  7,8,9] |  7,8,9] |  7,8,9] |  7,8,9] |  7,8,9] |  7,8,9] |  7,8,9] | 
+---------+---------+---------+---------+---------+---------+---------+---------+---------+
| [1,2,3, | [1,2,3, | [1,2,3, | [1,2,3, | [1,2,3, | [1,2,3, | [1,2,3, | [1,2,3, | [1,2,3, | 
|  4,5,6, |  4,5,6, |  4,5,6, |  4,5,6, |  4,5,6, |  4,5,6, |  4,5,6, |  4,5,6, |  4,5,6, | 
|  7,8,9] |  7,8,9] |  7,8,9] |  7,8,9] |  7,8,9] |  7,8,9] |  7,8,9] |  7,8,9] |  7,8,9] | 
+---------+---------+---------+---------+---------+---------+---------+---------+---------+

value 4 has been removed from cell 5,1 domain because of cell 4,2 domain.
value 4 has been removed from cell 5,3 domain because of cell 4,2 domain.
value 4 has been removed from cell 6,1 domain because of cell 4,2 domain.
value 4 has been removed from cell 6,3 domain because of cell 4,2 domain.
value 4 has been removed from cell 1,2 domain because of cell 4,2 domain.
value 4 has been removed from cell 2,2 domain because of cell 4,2 domain.
value 4 has been removed from cell 3,2 domain because of cell 4,2 domain.
value 4 has been removed from cell 6,2 domain because of cell 4,2 domain.
value 4 has been removed from cell 7,2 domain because of cell 4,2 domain.
value 4 has been removed from cell 8,2 domain because of cell 4,2 domain.
value 4 has been removed from cell 9,2 domain because of cell 4,2 domain.
value 4 has been removed from cell 4,1 domain because of cell 4,2 domain.
value 4 has been removed from cell 4,3 domain because of cell 4,2 domain.
value 4 has been removed from cell 4,4 domain because of cell 4,2 domain.
value 4 has been removed from cell 4,5 domain because of cell 4,2 domain.
value 4 has been removed from cell 4,6 domain because of cell 4,2 domain.
value 4 has been removed from cell 4,7 domain because of cell 4,2 domain.
value 4 has been removed from cell 4,8 domain because of cell 4,2 domain.
value 4 has been removed from cell 4,9 domain because of cell 4,2 domain.
value 5 has been removed from cell 4,1 domain because of cell 5,2 domain.
value 5 has been removed from cell 4,3 domain because of cell 5,2 domain.
value 5 has been removed from cell 6,1 domain because of cell 5,2 domain.
value 5 has been removed from cell 6,3 domain because of cell 5,2 domain.
value 5 has been removed from cell 1,2 domain because of cell 5,2 domain.
value 5 has been removed from cell 2,2 domain because of cell 5,2 domain.
value 5 has been removed from cell 3,2 domain because of cell 5,2 domain.
value 5 has been removed from cell 6,2 domain because of cell 5,2 domain.
value 5 has been removed from cell 7,2 domain because of cell 5,2 domain.
value 5 has been removed from cell 8,2 domain because of cell 5,2 domain.
value 5 has been removed from cell 9,2 domain because of cell 5,2 domain.
value 5 has been removed from cell 5,1 domain because of cell 5,2 domain.
value 5 has been removed from cell 5,3 domain because of cell 5,2 domain.
value 5 has been removed from cell 5,4 domain because of cell 5,2 domain.
value 5 has been removed from cell 5,5 domain because of cell 5,2 domain.
value 5 has been removed from cell 5,6 domain because of cell 5,2 domain.
value 5 has been removed from cell 5,7 domain because of cell 5,2 domain.
value 5 has been removed from cell 5,8 domain because of cell 5,2 domain.
value 5 has been removed from cell 5,9 domain because of cell 5,2 domain.

domains after applying arc consistency are : 
+---------+---------+---------+---------+---------+---------+---------+---------+---------+
| [1,2,3, | [1,2,3, | [1,2,3, | [1,2,3, | [1,2,3, | [1,2,3, | [1,2,3, | [1,2,3, | [1,2,3, | 
|  4,5,6, |  6,7,8, |  4,5,6, |  4,5,6, |  4,5,6, |  4,5,6, |  4,5,6, |  4,5,6, |  4,5,6, | 
|  7,8,9] |  9]     |  7,8,9] |  7,8,9] |  7,8,9] |  7,8,9] |  7,8,9] |  7,8,9] |  7,8,9] | 
+---------+---------+---------+---------+---------+---------+---------+---------+---------+
| [1,2,3, | [1,2,3, | [1,2,3, | [1,2,3, | [1,2,3, | [1,2,3, | [1,2,3, | [1,2,3, | [1,2,3, | 
|  4,5,6, |  6,7,8, |  4,5,6, |  4,5,6, |  4,5,6, |  4,5,6, |  4,5,6, |  4,5,6, |  4,5,6, | 
|  7,8,9] |  9]     |  7,8,9] |  7,8,9] |  7,8,9] |  7,8,9] |  7,8,9] |  7,8,9] |  7,8,9] | 
+---------+---------+---------+---------+---------+---------+---------+---------+---------+
| [1,2,3, | [1,2,3, | [1,2,3, | [1,2,3, | [1,2,3, | [1,2,3, | [1,2,3, | [1,2,3, | [1,2,3, | 
|  4,5,6, |  6,7,8, |  4,5,6, |  4,5,6, |  4,5,6, |  4,5,6, |  4,5,6, |  4,5,6, |  4,5,6, | 
|  7,8,9] |  9]     |  7,8,9] |  7,8,9] |  7,8,9] |  7,8,9] |  7,8,9] |  7,8,9] |  7,8,9] | 
+---------+---------+---------+---------+---------+---------+---------+---------+---------+
| [1,2,3, |   [4]   | [1,2,3, | [1,2,3, | [1,2,3, | [1,2,3, | [1,2,3, | [1,2,3, | [1,2,3, | 
|  6,7,8, |         |  6,7,8, |  5,6,7, |  5,6,7, |  5,6,7, |  5,6,7, |  5,6,7, |  5,6,7, | 
|  9]     |         |  9]     |  8,9]   |  8,9]   |  8,9]   |  8,9]   |  8,9]   |  8,9]   | 
+---------+---------+---------+---------+---------+---------+---------+---------+---------+
| [1,2,3, |   [5]   | [1,2,3, | [1,2,3, | [1,2,3, | [1,2,3, | [1,2,3, | [1,2,3, | [1,2,3, | 
|  6,7,8, |         |  6,7,8, |  4,6,7, |  4,6,7, |  4,6,7, |  4,6,7, |  4,6,7, |  4,6,7, | 
|  9]     |         |  9]     |  8,9]   |  8,9]   |  8,9]   |  8,9]   |  8,9]   |  8,9]   | 
+---------+---------+---------+---------+---------+---------+---------+---------+---------+
| [1,2,3, | [1,2,3, | [1,2,3, | [1,2,3, | [1,2,3, | [1,2,3, | [1,2,3, | [1,2,3, | [1,2,3, | 
|  6,7,8, |  6,7,8, |  6,7,8, |  4,5,6, |  4,5,6, |  4,5,6, |  4,5,6, |  4,5,6, |  4,5,6, | 
|  9]     |  9]     |  9]     |  7,8,9] |  7,8,9] |  7,8,9] |  7,8,9] |  7,8,9] |  7,8,9] | 
+---------+---------+---------+---------+---------+---------+---------+---------+---------+
| [1,2,3, | [1,2,3, | [1,2,3, | [1,2,3, | [1,2,3, | [1,2,3, | [1,2,3, | [1,2,3, | [1,2,3, | 
|  4,5,6, |  6,7,8, |  4,5,6, |  4,5,6, |  4,5,6, |  4,5,6, |  4,5,6, |  4,5,6, |  4,5,6, | 
|  7,8,9] |  9]     |  7,8,9] |  7,8,9] |  7,8,9] |  7,8,9] |  7,8,9] |  7,8,9] |  7,8,9] | 
+---------+---------+---------+---------+---------+---------+---------+---------+---------+
| [1,2,3, | [1,2,3, | [1,2,3, | [1,2,3, | [1,2,3, | [1,2,3, | [1,2,3, | [1,2,3, | [1,2,3, | 
|  4,5,6, |  6,7,8, |  4,5,6, |  4,5,6, |  4,5,6, |  4,5,6, |  4,5,6, |  4,5,6, |  4,5,6, | 
|  7,8,9] |  9]     |  7,8,9] |  7,8,9] |  7,8,9] |  7,8,9] |  7,8,9] |  7,8,9] |  7,8,9] | 
+---------+---------+---------+---------+---------+---------+---------+---------+---------+
| [1,2,3, | [1,2,3, | [1,2,3, | [1,2,3, | [1,2,3, | [1,2,3, | [1,2,3, | [1,2,3, | [1,2,3, | 
|  4,5,6, |  6,7,8, |  4,5,6, |  4,5,6, |  4,5,6, |  4,5,6, |  4,5,6, |  4,5,6, |  4,5,6, | 
|  7,8,9] |  9]     |  7,8,9] |  7,8,9] |  7,8,9] |  7,8,9] |  7,8,9] |  7,8,9] |  7,8,9] | 
+---------+---------+---------+---------+---------+---------+---------+---------+---------+

cell 1,2 has been enforced to 1.

value 1 has been removed from cell 2,1 domain because of cell 1,2 domain.
value 1 has been removed from cell 2,3 domain because of cell 1,2 domain.
value 1 has been removed from cell 3,1 domain because of cell 1,2 domain.
value 1 has been removed from cell 3,3 domain because of cell 1,2 domain.
value 1 has been removed from cell 2,2 domain because of cell 1,2 domain.
value 1 has been removed from cell 3,2 domain because of cell 1,2 domain.
value 1 has been removed from cell 6,2 domain because of cell 1,2 domain.
value 1 has been removed from cell 7,2 domain because of cell 1,2 domain.
value 1 has been removed from cell 8,2 domain because of cell 1,2 domain.
value 1 has been removed from cell 9,2 domain because of cell 1,2 domain.
value 1 has been removed from cell 1,1 domain because of cell 1,2 domain.
value 1 has been removed from cell 1,3 domain because of cell 1,2 domain.
value 1 has been removed from cell 1,4 domain because of cell 1,2 domain.
value 1 has been removed from cell 1,5 domain because of cell 1,2 domain.
value 1 has been removed from cell 1,6 domain because of cell 1,2 domain.
value 1 has been removed from cell 1,7 domain because of cell 1,2 domain.
value 1 has been removed from cell 1,8 domain because of cell 1,2 domain.
value 1 has been removed from cell 1,9 domain because of cell 1,2 domain.

domains after applying arc consistency are : 
+---------+---------+---------+---------+---------+---------+---------+---------+---------+
| [2,3,4, |   [1]   | [2,3,4, | [2,3,4, | [2,3,4, | [2,3,4, | [2,3,4, | [2,3,4, | [2,3,4, | 
|  5,6,7, |         |  5,6,7, |  5,6,7, |  5,6,7, |  5,6,7, |  5,6,7, |  5,6,7, |  5,6,7, | 
|  8,9]   |         |  8,9]   |  8,9]   |  8,9]   |  8,9]   |  8,9]   |  8,9]   |  8,9]   | 
+---------+---------+---------+---------+---------+---------+---------+---------+---------+
| [2,3,4, | [2,3,6, | [2,3,4, | [1,2,3, | [1,2,3, | [1,2,3, | [1,2,3, | [1,2,3, | [1,2,3, | 
|  5,6,7, |  7,8,9] |  5,6,7, |  4,5,6, |  4,5,6, |  4,5,6, |  4,5,6, |  4,5,6, |  4,5,6, | 
|  8,9]   |         |  8,9]   |  7,8,9] |  7,8,9] |  7,8,9] |  7,8,9] |  7,8,9] |  7,8,9] | 
+---------+---------+---------+---------+---------+---------+---------+---------+---------+
| [2,3,4, | [2,3,6, | [2,3,4, | [1,2,3, | [1,2,3, | [1,2,3, | [1,2,3, | [1,2,3, | [1,2,3, | 
|  5,6,7, |  7,8,9] |  5,6,7, |  4,5,6, |  4,5,6, |  4,5,6, |  4,5,6, |  4,5,6, |  4,5,6, | 
|  8,9]   |         |  8,9]   |  7,8,9] |  7,8,9] |  7,8,9] |  7,8,9] |  7,8,9] |  7,8,9] | 
+---------+---------+---------+---------+---------+---------+---------+---------+---------+
| [1,2,3, |   [4]   | [1,2,3, | [1,2,3, | [1,2,3, | [1,2,3, | [1,2,3, | [1,2,3, | [1,2,3, | 
|  6,7,8, |         |  6,7,8, |  5,6,7, |  5,6,7, |  5,6,7, |  5,6,7, |  5,6,7, |  5,6,7, | 
|  9]     |         |  9]     |  8,9]   |  8,9]   |  8,9]   |  8,9]   |  8,9]   |  8,9]   | 
+---------+---------+---------+---------+---------+---------+---------+---------+---------+
| [1,2,3, |   [5]   | [1,2,3, | [1,2,3, | [1,2,3, | [1,2,3, | [1,2,3, | [1,2,3, | [1,2,3, | 
|  6,7,8, |         |  6,7,8, |  4,6,7, |  4,6,7, |  4,6,7, |  4,6,7, |  4,6,7, |  4,6,7, | 
|  9]     |         |  9]     |  8,9]   |  8,9]   |  8,9]   |  8,9]   |  8,9]   |  8,9]   | 
+---------+---------+---------+---------+---------+---------+---------+---------+---------+
| [1,2,3, | [2,3,6, | [1,2,3, | [1,2,3, | [1,2,3, | [1,2,3, | [1,2,3, | [1,2,3, | [1,2,3, | 
|  6,7,8, |  7,8,9] |  6,7,8, |  4,5,6, |  4,5,6, |  4,5,6, |  4,5,6, |  4,5,6, |  4,5,6, | 
|  9]     |         |  9]     |  7,8,9] |  7,8,9] |  7,8,9] |  7,8,9] |  7,8,9] |  7,8,9] | 
+---------+---------+---------+---------+---------+---------+---------+---------+---------+
| [1,2,3, | [2,3,6, | [1,2,3, | [1,2,3, | [1,2,3, | [1,2,3, | [1,2,3, | [1,2,3, | [1,2,3, | 
|  4,5,6, |  7,8,9] |  4,5,6, |  4,5,6, |  4,5,6, |  4,5,6, |  4,5,6, |  4,5,6, |  4,5,6, | 
|  7,8,9] |         |  7,8,9] |  7,8,9] |  7,8,9] |  7,8,9] |  7,8,9] |  7,8,9] |  7,8,9] | 
+---------+---------+---------+---------+---------+---------+---------+---------+---------+
| [1,2,3, | [2,3,6, | [1,2,3, | [1,2,3, | [1,2,3, | [1,2,3, | [1,2,3, | [1,2,3, | [1,2,3, | 
|  4,5,6, |  7,8,9] |  4,5,6, |  4,5,6, |  4,5,6, |  4,5,6, |  4,5,6, |  4,5,6, |  4,5,6, | 
|  7,8,9] |         |  7,8,9] |  7,8,9] |  7,8,9] |  7,8,9] |  7,8,9] |  7,8,9] |  7,8,9] | 
+---------+---------+---------+---------+---------+---------+---------+---------+---------+
| [1,2,3, | [2,3,6, | [1,2,3, | [1,2,3, | [1,2,3, | [1,2,3, | [1,2,3, | [1,2,3, | [1,2,3, | 
|  4,5,6, |  7,8,9] |  4,5,6, |  4,5,6, |  4,5,6, |  4,5,6, |  4,5,6, |  4,5,6, |  4,5,6, | 
|  7,8,9] |         |  7,8,9] |  7,8,9] |  7,8,9] |  7,8,9] |  7,8,9] |  7,8,9] |  7,8,9] | 
+---------+---------+---------+---------+---------+---------+---------+---------+---------+

cell 2,2 has been enforced to 2.

value 2 has been removed from cell 1,1 domain because of cell 2,2 domain.
value 2 has been removed from cell 1,3 domain because of cell 2,2 domain.
value 2 has been removed from cell 3,1 domain because of cell 2,2 domain.
value 2 has been removed from cell 3,3 domain because of cell 2,2 domain.
value 2 has been removed from cell 3,2 domain because of cell 2,2 domain.
value 2 has been removed from cell 6,2 domain because of cell 2,2 domain.
value 2 has been removed from cell 7,2 domain because of cell 2,2 domain.
value 2 has been removed from cell 8,2 domain because of cell 2,2 domain.
value 2 has been removed from cell 9,2 domain because of cell 2,2 domain.
value 2 has been removed from cell 2,1 domain because of cell 2,2 domain.
value 2 has been removed from cell 2,3 domain because of cell 2,2 domain.
value 2 has been removed from cell 2,4 domain because of cell 2,2 domain.
value 2 has been removed from cell 2,5 domain because of cell 2,2 domain.
value 2 has been removed from cell 2,6 domain because of cell 2,2 domain.
value 2 has been removed from cell 2,7 domain because of cell 2,2 domain.
value 2 has been removed from cell 2,8 domain because of cell 2,2 domain.
value 2 has been removed from cell 2,9 domain because of cell 2,2 domain.

domains after applying arc consistency are : 
+---------+---------+---------+---------+---------+---------+---------+---------+---------+
| [3,4,5, |   [1]   | [3,4,5, | [2,3,4, | [2,3,4, | [2,3,4, | [2,3,4, | [2,3,4, | [2,3,4, | 
|  6,7,8, |         |  6,7,8, |  5,6,7, |  5,6,7, |  5,6,7, |  5,6,7, |  5,6,7, |  5,6,7, | 
|  9]     |         |  9]     |  8,9]   |  8,9]   |  8,9]   |  8,9]   |  8,9]   |  8,9]   | 
+---------+---------+---------+---------+---------+---------+---------+---------+---------+
| [3,4,5, |   [2]   | [3,4,5, | [1,3,4, | [1,3,4, | [1,3,4, | [1,3,4, | [1,3,4, | [1,3,4, | 
|  6,7,8, |         |  6,7,8, |  5,6,7, |  5,6,7, |  5,6,7, |  5,6,7, |  5,6,7, |  5,6,7, | 
|  9]     |         |  9]     |  8,9]   |  8,9]   |  8,9]   |  8,9]   |  8,9]   |  8,9]   | 
+---------+---------+---------+---------+---------+---------+---------+---------+---------+
| [3,4,5, | [3,6,7, | [3,4,5, | [1,2,3, | [1,2,3, | [1,2,3, | [1,2,3, | [1,2,3, | [1,2,3, | 
|  6,7,8, |  8,9]   |  6,7,8, |  4,5,6, |  4,5,6, |  4,5,6, |  4,5,6, |  4,5,6, |  4,5,6, | 
|  9]     |         |  9]     |  7,8,9] |  7,8,9] |  7,8,9] |  7,8,9] |  7,8,9] |  7,8,9] | 
+---------+---------+---------+---------+---------+---------+---------+---------+---------+
| [1,2,3, |   [4]   | [1,2,3, | [1,2,3, | [1,2,3, | [1,2,3, | [1,2,3, | [1,2,3, | [1,2,3, | 
|  6,7,8, |         |  6,7,8, |  5,6,7, |  5,6,7, |  5,6,7, |  5,6,7, |  5,6,7, |  5,6,7, | 
|  9]     |         |  9]     |  8,9]   |  8,9]   |  8,9]   |  8,9]   |  8,9]   |  8,9]   | 
+---------+---------+---------+---------+---------+---------+---------+---------+---------+
| [1,2,3, |   [5]   | [1,2,3, | [1,2,3, | [1,2,3, | [1,2,3, | [1,2,3, | [1,2,3, | [1,2,3, | 
|  6,7,8, |         |  6,7,8, |  4,6,7, |  4,6,7, |  4,6,7, |  4,6,7, |  4,6,7, |  4,6,7, | 
|  9]     |         |  9]     |  8,9]   |  8,9]   |  8,9]   |  8,9]   |  8,9]   |  8,9]   | 
+---------+---------+---------+---------+---------+---------+---------+---------+---------+
| [1,2,3, | [3,6,7, | [1,2,3, | [1,2,3, | [1,2,3, | [1,2,3, | [1,2,3, | [1,2,3, | [1,2,3, | 
|  6,7,8, |  8,9]   |  6,7,8, |  4,5,6, |  4,5,6, |  4,5,6, |  4,5,6, |  4,5,6, |  4,5,6, | 
|  9]     |         |  9]     |  7,8,9] |  7,8,9] |  7,8,9] |  7,8,9] |  7,8,9] |  7,8,9] | 
+---------+---------+---------+---------+---------+---------+---------+---------+---------+
| [1,2,3, | [3,6,7, | [1,2,3, | [1,2,3, | [1,2,3, | [1,2,3, | [1,2,3, | [1,2,3, | [1,2,3, | 
|  4,5,6, |  8,9]   |  4,5,6, |  4,5,6, |  4,5,6, |  4,5,6, |  4,5,6, |  4,5,6, |  4,5,6, | 
|  7,8,9] |         |  7,8,9] |  7,8,9] |  7,8,9] |  7,8,9] |  7,8,9] |  7,8,9] |  7,8,9] | 
+---------+---------+---------+---------+---------+---------+---------+---------+---------+
| [1,2,3, | [3,6,7, | [1,2,3, | [1,2,3, | [1,2,3, | [1,2,3, | [1,2,3, | [1,2,3, | [1,2,3, | 
|  4,5,6, |  8,9]   |  4,5,6, |  4,5,6, |  4,5,6, |  4,5,6, |  4,5,6, |  4,5,6, |  4,5,6, | 
|  7,8,9] |         |  7,8,9] |  7,8,9] |  7,8,9] |  7,8,9] |  7,8,9] |  7,8,9] |  7,8,9] | 
+---------+---------+---------+---------+---------+---------+---------+---------+---------+
| [1,2,3, | [3,6,7, | [1,2,3, | [1,2,3, | [1,2,3, | [1,2,3, | [1,2,3, | [1,2,3, | [1,2,3, | 
|  4,5,6, |  8,9]   |  4,5,6, |  4,5,6, |  4,5,6, |  4,5,6, |  4,5,6, |  4,5,6, |  4,5,6, | 
|  7,8,9] |         |  7,8,9] |  7,8,9] |  7,8,9] |  7,8,9] |  7,8,9] |  7,8,9] |  7,8,9] | 
+---------+---------+---------+---------+---------+---------+---------+---------+---------+

cell 3,2 has been enforced to 3.

value 3 has been removed from cell 1,1 domain because of cell 3,2 domain.
value 3 has been removed from cell 1,3 domain because of cell 3,2 domain.
value 3 has been removed from cell 2,1 domain because of cell 3,2 domain.
value 3 has been removed from cell 2,3 domain because of cell 3,2 domain.
value 3 has been removed from cell 6,2 domain because of cell 3,2 domain.
value 3 has been removed from cell 7,2 domain because of cell 3,2 domain.
value 3 has been removed from cell 8,2 domain because of cell 3,2 domain.
value 3 has been removed from cell 9,2 domain because of cell 3,2 domain.
value 3 has been removed from cell 3,1 domain because of cell 3,2 domain.
value 3 has been removed from cell 3,3 domain because of cell 3,2 domain.
value 3 has been removed from cell 3,4 domain because of cell 3,2 domain.
value 3 has been removed from cell 3,5 domain because of cell 3,2 domain.
value 3 has been removed from cell 3,6 domain because of cell 3,2 domain.
value 3 has been removed from cell 3,7 domain because of cell 3,2 domain.
value 3 has been removed from cell 3,8 domain because of cell 3,2 domain.
value 3 has been removed from cell 3,9 domain because of cell 3,2 domain.

domains after applying arc consistency are : 
+---------+---------+---------+---------+---------+---------+---------+---------+---------+
| [4,5,6, |   [1]   | [4,5,6, | [2,3,4, | [2,3,4, | [2,3,4, | [2,3,4, | [2,3,4, | [2,3,4, | 
|  7,8,9] |         |  7,8,9] |  5,6,7, |  5,6,7, |  5,6,7, |  5,6,7, |  5,6,7, |  5,6,7, | 
|         |         |         |  8,9]   |  8,9]   |  8,9]   |  8,9]   |  8,9]   |  8,9]   | 
+---------+---------+---------+---------+---------+---------+---------+---------+---------+
| [4,5,6, |   [2]   | [4,5,6, | [1,3,4, | [1,3,4, | [1,3,4, | [1,3,4, | [1,3,4, | [1,3,4, | 
|  7,8,9] |         |  7,8,9] |  5,6,7, |  5,6,7, |  5,6,7, |  5,6,7, |  5,6,7, |  5,6,7, | 
|         |         |         |  8,9]   |  8,9]   |  8,9]   |  8,9]   |  8,9]   |  8,9]   | 
+---------+---------+---------+---------+---------+---------+---------+---------+---------+
| [4,5,6, |   [3]   | [4,5,6, | [1,2,4, | [1,2,4, | [1,2,4, | [1,2,4, | [1,2,4, | [1,2,4, | 
|  7,8,9] |         |  7,8,9] |  5,6,7, |  5,6,7, |  5,6,7, |  5,6,7, |  5,6,7, |  5,6,7, | 
|         |         |         |  8,9]   |  8,9]   |  8,9]   |  8,9]   |  8,9]   |  8,9]   | 
+---------+---------+---------+---------+---------+---------+---------+---------+---------+
| [1,2,3, |   [4]   | [1,2,3, | [1,2,3, | [1,2,3, | [1,2,3, | [1,2,3, | [1,2,3, | [1,2,3, | 
|  6,7,8, |         |  6,7,8, |  5,6,7, |  5,6,7, |  5,6,7, |  5,6,7, |  5,6,7, |  5,6,7, | 
|  9]     |         |  9]     |  8,9]   |  8,9]   |  8,9]   |  8,9]   |  8,9]   |  8,9]   | 
+---------+---------+---------+---------+---------+---------+---------+---------+---------+
| [1,2,3, |   [5]   | [1,2,3, | [1,2,3, | [1,2,3, | [1,2,3, | [1,2,3, | [1,2,3, | [1,2,3, | 
|  6,7,8, |         |  6,7,8, |  4,6,7, |  4,6,7, |  4,6,7, |  4,6,7, |  4,6,7, |  4,6,7, | 
|  9]     |         |  9]     |  8,9]   |  8,9]   |  8,9]   |  8,9]   |  8,9]   |  8,9]   | 
+---------+---------+---------+---------+---------+---------+---------+---------+---------+
| [1,2,3, | [6,7,8, | [1,2,3, | [1,2,3, | [1,2,3, | [1,2,3, | [1,2,3, | [1,2,3, | [1,2,3, | 
|  6,7,8, |  9]     |  6,7,8, |  4,5,6, |  4,5,6, |  4,5,6, |  4,5,6, |  4,5,6, |  4,5,6, | 
|  9]     |         |  9]     |  7,8,9] |  7,8,9] |  7,8,9] |  7,8,9] |  7,8,9] |  7,8,9] | 
+---------+---------+---------+---------+---------+---------+---------+---------+---------+
| [1,2,3, | [6,7,8, | [1,2,3, | [1,2,3, | [1,2,3, | [1,2,3, | [1,2,3, | [1,2,3, | [1,2,3, | 
|  4,5,6, |  9]     |  4,5,6, |  4,5,6, |  4,5,6, |  4,5,6, |  4,5,6, |  4,5,6, |  4,5,6, | 
|  7,8,9] |         |  7,8,9] |  7,8,9] |  7,8,9] |  7,8,9] |  7,8,9] |  7,8,9] |  7,8,9] | 
+---------+---------+---------+---------+---------+---------+---------+---------+---------+
| [1,2,3, | [6,7,8, | [1,2,3, | [1,2,3, | [1,2,3, | [1,2,3, | [1,2,3, | [1,2,3, | [1,2,3, | 
|  4,5,6, |  9]     |  4,5,6, |  4,5,6, |  4,5,6, |  4,5,6, |  4,5,6, |  4,5,6, |  4,5,6, | 
|  7,8,9] |         |  7,8,9] |  7,8,9] |  7,8,9] |  7,8,9] |  7,8,9] |  7,8,9] |  7,8,9] | 
+---------+---------+---------+---------+---------+---------+---------+---------+---------+
| [1,2,3, | [6,7,8, | [1,2,3, | [1,2,3, | [1,2,3, | [1,2,3, | [1,2,3, | [1,2,3, | [1,2,3, | 
|  4,5,6, |  9]     |  4,5,6, |  4,5,6, |  4,5,6, |  4,5,6, |  4,5,6, |  4,5,6, |  4,5,6, | 
|  7,8,9] |         |  7,8,9] |  7,8,9] |  7,8,9] |  7,8,9] |  7,8,9] |  7,8,9] |  7,8,9] | 
+---------+---------+---------+---------+---------+---------+---------+---------+---------+

cell 6,2 has been enforced to 6.

value 6 has been removed from cell 4,1 domain because of cell 6,2 domain.
value 6 has been removed from cell 4,3 domain because of cell 6,2 domain.
value 6 has been removed from cell 5,1 domain because of cell 6,2 domain.
value 6 has been removed from cell 5,3 domain because of cell 6,2 domain.
value 6 has been removed from cell 7,2 domain because of cell 6,2 domain.
value 6 has been removed from cell 8,2 domain because of cell 6,2 domain.
value 6 has been removed from cell 9,2 domain because of cell 6,2 domain.
value 6 has been removed from cell 6,1 domain because of cell 6,2 domain.
value 6 has been removed from cell 6,3 domain because of cell 6,2 domain.
value 6 has been removed from cell 6,4 domain because of cell 6,2 domain.
value 6 has been removed from cell 6,5 domain because of cell 6,2 domain.
value 6 has been removed from cell 6,6 domain because of cell 6,2 domain.
value 6 has been removed from cell 6,7 domain because of cell 6,2 domain.
value 6 has been removed from cell 6,8 domain because of cell 6,2 domain.
value 6 has been removed from cell 6,9 domain because of cell 6,2 domain.

domains after applying arc consistency are : 
+---------+---------+---------+---------+---------+---------+---------+---------+---------+
| [4,5,6, |   [1]   | [4,5,6, | [2,3,4, | [2,3,4, | [2,3,4, | [2,3,4, | [2,3,4, | [2,3,4, | 
|  7,8,9] |         |  7,8,9] |  5,6,7, |  5,6,7, |  5,6,7, |  5,6,7, |  5,6,7, |  5,6,7, | 
|         |         |         |  8,9]   |  8,9]   |  8,9]   |  8,9]   |  8,9]   |  8,9]   | 
+---------+---------+---------+---------+---------+---------+---------+---------+---------+
| [4,5,6, |   [2]   | [4,5,6, | [1,3,4, | [1,3,4, | [1,3,4, | [1,3,4, | [1,3,4, | [1,3,4, | 
|  7,8,9] |         |  7,8,9] |  5,6,7, |  5,6,7, |  5,6,7, |  5,6,7, |  5,6,7, |  5,6,7, | 
|         |         |         |  8,9]   |  8,9]   |  8,9]   |  8,9]   |  8,9]   |  8,9]   | 
+---------+---------+---------+---------+---------+---------+---------+---------+---------+
| [4,5,6, |   [3]   | [4,5,6, | [1,2,4, | [1,2,4, | [1,2,4, | [1,2,4, | [1,2,4, | [1,2,4, | 
|  7,8,9] |         |  7,8,9] |  5,6,7, |  5,6,7, |  5,6,7, |  5,6,7, |  5,6,7, |  5,6,7, | 
|         |         |         |  8,9]   |  8,9]   |  8,9]   |  8,9]   |  8,9]   |  8,9]   | 
+---------+---------+---------+---------+---------+---------+---------+---------+---------+
| [1,2,3, |   [4]   | [1,2,3, | [1,2,3, | [1,2,3, | [1,2,3, | [1,2,3, | [1,2,3, | [1,2,3, | 
|  7,8,9] |         |  7,8,9] |  5,6,7, |  5,6,7, |  5,6,7, |  5,6,7, |  5,6,7, |  5,6,7, | 
|         |         |         |  8,9]   |  8,9]   |  8,9]   |  8,9]   |  8,9]   |  8,9]   | 
+---------+---------+---------+---------+---------+---------+---------+---------+---------+
| [1,2,3, |   [5]   | [1,2,3, | [1,2,3, | [1,2,3, | [1,2,3, | [1,2,3, | [1,2,3, | [1,2,3, | 
|  7,8,9] |         |  7,8,9] |  4,6,7, |  4,6,7, |  4,6,7, |  4,6,7, |  4,6,7, |  4,6,7, | 
|         |         |         |  8,9]   |  8,9]   |  8,9]   |  8,9]   |  8,9]   |  8,9]   | 
+---------+---------+---------+---------+---------+---------+---------+---------+---------+
| [1,2,3, |   [6]   | [1,2,3, | [1,2,3, | [1,2,3, | [1,2,3, | [1,2,3, | [1,2,3, | [1,2,3, | 
|  7,8,9] |         |  7,8,9] |  4,5,7, |  4,5,7, |  4,5,7, |  4,5,7, |  4,5,7, |  4,5,7, | 
|         |         |         |  8,9]   |  8,9]   |  8,9]   |  8,9]   |  8,9]   |  8,9]   | 
+---------+---------+---------+---------+---------+---------+---------+---------+---------+
| [1,2,3, | [7,8,9] | [1,2,3, | [1,2,3, | [1,2,3, | [1,2,3, | [1,2,3, | [1,2,3, | [1,2,3, | 
|  4,5,6, |         |  4,5,6, |  4,5,6, |  4,5,6, |  4,5,6, |  4,5,6, |  4,5,6, |  4,5,6, | 
|  7,8,9] |         |  7,8,9] |  7,8,9] |  7,8,9] |  7,8,9] |  7,8,9] |  7,8,9] |  7,8,9] | 
+---------+---------+---------+---------+---------+---------+---------+---------+---------+
| [1,2,3, | [7,8,9] | [1,2,3, | [1,2,3, | [1,2,3, | [1,2,3, | [1,2,3, | [1,2,3, | [1,2,3, | 
|  4,5,6, |         |  4,5,6, |  4,5,6, |  4,5,6, |  4,5,6, |  4,5,6, |  4,5,6, |  4,5,6, | 
|  7,8,9] |         |  7,8,9] |  7,8,9] |  7,8,9] |  7,8,9] |  7,8,9] |  7,8,9] |  7,8,9] | 
+---------+---------+---------+---------+---------+---------+---------+---------+---------+
| [1,2,3, | [7,8,9] | [1,2,3, | [1,2,3, | [1,2,3, | [1,2,3, | [1,2,3, | [1,2,3, | [1,2,3, | 
|  4,5,6, |         |  4,5,6, |  4,5,6, |  4,5,6, |  4,5,6, |  4,5,6, |  4,5,6, |  4,5,6, | 
|  7,8,9] |         |  7,8,9] |  7,8,9] |  7,8,9] |  7,8,9] |  7,8,9] |  7,8,9] |  7,8,9] | 
+---------+---------+---------+---------+---------+---------+---------+---------+---------+

cell 7,2 has been enforced to 7.

value 7 has been removed from cell 8,1 domain because of cell 7,2 domain.
value 7 has been removed from cell 8,3 domain because of cell 7,2 domain.
value 7 has been removed from cell 9,1 domain because of cell 7,2 domain.
value 7 has been removed from cell 9,3 domain because of cell 7,2 domain.
value 7 has been removed from cell 8,2 domain because of cell 7,2 domain.
value 7 has been removed from cell 9,2 domain because of cell 7,2 domain.
value 7 has been removed from cell 7,1 domain because of cell 7,2 domain.
value 7 has been removed from cell 7,3 domain because of cell 7,2 domain.
value 7 has been removed from cell 7,4 domain because of cell 7,2 domain.
value 7 has been removed from cell 7,5 domain because of cell 7,2 domain.
value 7 has been removed from cell 7,6 domain because of cell 7,2 domain.
value 7 has been removed from cell 7,7 domain because of cell 7,2 domain.
value 7 has been removed from cell 7,8 domain because of cell 7,2 domain.
value 7 has been removed from cell 7,9 domain because of cell 7,2 domain.

domains after applying arc consistency are : 
+---------+---------+---------+---------+---------+---------+---------+---------+---------+
| [4,5,6, |   [1]   | [4,5,6, | [2,3,4, | [2,3,4, | [2,3,4, | [2,3,4, | [2,3,4, | [2,3,4, | 
|  7,8,9] |         |  7,8,9] |  5,6,7, |  5,6,7, |  5,6,7, |  5,6,7, |  5,6,7, |  5,6,7, | 
|         |         |         |  8,9]   |  8,9]   |  8,9]   |  8,9]   |  8,9]   |  8,9]   | 
+---------+---------+---------+---------+---------+---------+---------+---------+---------+
| [4,5,6, |   [2]   | [4,5,6, | [1,3,4, | [1,3,4, | [1,3,4, | [1,3,4, | [1,3,4, | [1,3,4, | 
|  7,8,9] |         |  7,8,9] |  5,6,7, |  5,6,7, |  5,6,7, |  5,6,7, |  5,6,7, |  5,6,7, | 
|         |         |         |  8,9]   |  8,9]   |  8,9]   |  8,9]   |  8,9]   |  8,9]   | 
+---------+---------+---------+---------+---------+---------+---------+---------+---------+
| [4,5,6, |   [3]   | [4,5,6, | [1,2,4, | [1,2,4, | [1,2,4, | [1,2,4, | [1,2,4, | [1,2,4, | 
|  7,8,9] |         |  7,8,9] |  5,6,7, |  5,6,7, |  5,6,7, |  5,6,7, |  5,6,7, |  5,6,7, | 
|         |         |         |  8,9]   |  8,9]   |  8,9]   |  8,9]   |  8,9]   |  8,9]   | 
+---------+---------+---------+---------+---------+---------+---------+---------+---------+
| [1,2,3, |   [4]   | [1,2,3, | [1,2,3, | [1,2,3, | [1,2,3, | [1,2,3, | [1,2,3, | [1,2,3, | 
|  7,8,9] |         |  7,8,9] |  5,6,7, |  5,6,7, |  5,6,7, |  5,6,7, |  5,6,7, |  5,6,7, | 
|         |         |         |  8,9]   |  8,9]   |  8,9]   |  8,9]   |  8,9]   |  8,9]   | 
+---------+---------+---------+---------+---------+---------+---------+---------+---------+
| [1,2,3, |   [5]   | [1,2,3, | [1,2,3, | [1,2,3, | [1,2,3, | [1,2,3, | [1,2,3, | [1,2,3, | 
|  7,8,9] |         |  7,8,9] |  4,6,7, |  4,6,7, |  4,6,7, |  4,6,7, |  4,6,7, |  4,6,7, | 
|         |         |         |  8,9]   |  8,9]   |  8,9]   |  8,9]   |  8,9]   |  8,9]   | 
+---------+---------+---------+---------+---------+---------+---------+---------+---------+
| [1,2,3, |   [6]   | [1,2,3, | [1,2,3, | [1,2,3, | [1,2,3, | [1,2,3, | [1,2,3, | [1,2,3, | 
|  7,8,9] |         |  7,8,9] |  4,5,7, |  4,5,7, |  4,5,7, |  4,5,7, |  4,5,7, |  4,5,7, | 
|         |         |         |  8,9]   |  8,9]   |  8,9]   |  8,9]   |  8,9]   |  8,9]   | 
+---------+---------+---------+---------+---------+---------+---------+---------+---------+
| [1,2,3, |   [7]   | [1,2,3, | [1,2,3, | [1,2,3, | [1,2,3, | [1,2,3, | [1,2,3, | [1,2,3, | 
|  4,5,6, |         |  4,5,6, |  4,5,6, |  4,5,6, |  4,5,6, |  4,5,6, |  4,5,6, |  4,5,6, | 
|  8,9]   |         |  8,9]   |  8,9]   |  8,9]   |  8,9]   |  8,9]   |  8,9]   |  8,9]   | 
+---------+---------+---------+---------+---------+---------+---------+---------+---------+
| [1,2,3, |  [8,9]  | [1,2,3, | [1,2,3, | [1,2,3, | [1,2,3, | [1,2,3, | [1,2,3, | [1,2,3, | 
|  4,5,6, |         |  4,5,6, |  4,5,6, |  4,5,6, |  4,5,6, |  4,5,6, |  4,5,6, |  4,5,6, | 
|  8,9]   |         |  8,9]   |  7,8,9] |  7,8,9] |  7,8,9] |  7,8,9] |  7,8,9] |  7,8,9] | 
+---------+---------+---------+---------+---------+---------+---------+---------+---------+
| [1,2,3, |  [8,9]  | [1,2,3, | [1,2,3, | [1,2,3, | [1,2,3, | [1,2,3, | [1,2,3, | [1,2,3, | 
|  4,5,6, |         |  4,5,6, |  4,5,6, |  4,5,6, |  4,5,6, |  4,5,6, |  4,5,6, |  4,5,6, | 
|  8,9]   |         |  8,9]   |  7,8,9] |  7,8,9] |  7,8,9] |  7,8,9] |  7,8,9] |  7,8,9] | 
+---------+---------+---------+---------+---------+---------+---------+---------+---------+

cell 8,2 has been enforced to 8.

value 8 has been removed from cell 7,1 domain because of cell 8,2 domain.
value 8 has been removed from cell 7,3 domain because of cell 8,2 domain.
value 8 has been removed from cell 9,1 domain because of cell 8,2 domain.
value 8 has been removed from cell 9,3 domain because of cell 8,2 domain.
value 8 has been removed from cell 9,2 domain because of cell 8,2 domain.
value 8 has been removed from cell 8,1 domain because of cell 8,2 domain.
value 8 has been removed from cell 8,3 domain because of cell 8,2 domain.
value 8 has been removed from cell 8,4 domain because of cell 8,2 domain.
value 8 has been removed from cell 8,5 domain because of cell 8,2 domain.
value 8 has been removed from cell 8,6 domain because of cell 8,2 domain.
value 8 has been removed from cell 8,7 domain because of cell 8,2 domain.
value 8 has been removed from cell 8,8 domain because of cell 8,2 domain.
value 8 has been removed from cell 8,9 domain because of cell 8,2 domain.
value 9 has been removed from cell 7,1 domain because of cell 9,2 domain.
value 9 has been removed from cell 7,3 domain because of cell 9,2 domain.
value 9 has been removed from cell 8,1 domain because of cell 9,2 domain.
value 9 has been removed from cell 8,3 domain because of cell 9,2 domain.
value 9 has been removed from cell 9,1 domain because of cell 9,2 domain.
value 9 has been removed from cell 9,3 domain because of cell 9,2 domain.
value 9 has been removed from cell 9,4 domain because of cell 9,2 domain.
value 9 has been removed from cell 9,5 domain because of cell 9,2 domain.
value 9 has been removed from cell 9,6 domain because of cell 9,2 domain.
value 9 has been removed from cell 9,7 domain because of cell 9,2 domain.
value 9 has been removed from cell 9,8 domain because of cell 9,2 domain.
value 9 has been removed from cell 9,9 domain because of cell 9,2 domain.

domains after applying arc consistency are : 
+---------+---------+---------+---------+---------+---------+---------+---------+---------+
| [4,5,6, |   [1]   | [4,5,6, | [2,3,4, | [2,3,4, | [2,3,4, | [2,3,4, | [2,3,4, | [2,3,4, | 
|  7,8,9] |         |  7,8,9] |  5,6,7, |  5,6,7, |  5,6,7, |  5,6,7, |  5,6,7, |  5,6,7, | 
|         |         |         |  8,9]   |  8,9]   |  8,9]   |  8,9]   |  8,9]   |  8,9]   | 
+---------+---------+---------+---------+---------+---------+---------+---------+---------+
| [4,5,6, |   [2]   | [4,5,6, | [1,3,4, | [1,3,4, | [1,3,4, | [1,3,4, | [1,3,4, | [1,3,4, | 
|  7,8,9] |         |  7,8,9] |  5,6,7, |  5,6,7, |  5,6,7, |  5,6,7, |  5,6,7, |  5,6,7, | 
|         |         |         |  8,9]   |  8,9]   |  8,9]   |  8,9]   |  8,9]   |  8,9]   | 
+---------+---------+---------+---------+---------+---------+---------+---------+---------+
| [4,5,6, |   [3]   | [4,5,6, | [1,2,4, | [1,2,4, | [1,2,4, | [1,2,4, | [1,2,4, | [1,2,4, | 
|  7,8,9] |         |  7,8,9] |  5,6,7, |  5,6,7, |  5,6,7, |  5,6,7, |  5,6,7, |  5,6,7, | 
|         |         |         |  8,9]   |  8,9]   |  8,9]   |  8,9]   |  8,9]   |  8,9]   | 
+---------+---------+---------+---------+---------+---------+---------+---------+---------+
| [1,2,3, |   [4]   | [1,2,3, | [1,2,3, | [1,2,3, | [1,2,3, | [1,2,3, | [1,2,3, | [1,2,3, | 
|  7,8,9] |         |  7,8,9] |  5,6,7, |  5,6,7, |  5,6,7, |  5,6,7, |  5,6,7, |  5,6,7, | 
|         |         |         |  8,9]   |  8,9]   |  8,9]   |  8,9]   |  8,9]   |  8,9]   | 
+---------+---------+---------+---------+---------+---------+---------+---------+---------+
| [1,2,3, |   [5]   | [1,2,3, | [1,2,3, | [1,2,3, | [1,2,3, | [1,2,3, | [1,2,3, | [1,2,3, | 
|  7,8,9] |         |  7,8,9] |  4,6,7, |  4,6,7, |  4,6,7, |  4,6,7, |  4,6,7, |  4,6,7, | 
|         |         |         |  8,9]   |  8,9]   |  8,9]   |  8,9]   |  8,9]   |  8,9]   | 
+---------+---------+---------+---------+---------+---------+---------+---------+---------+
| [1,2,3, |   [6]   | [1,2,3, | [1,2,3, | [1,2,3, | [1,2,3, | [1,2,3, | [1,2,3, | [1,2,3, | 
|  7,8,9] |         |  7,8,9] |  4,5,7, |  4,5,7, |  4,5,7, |  4,5,7, |  4,5,7, |  4,5,7, | 
|         |         |         |  8,9]   |  8,9]   |  8,9]   |  8,9]   |  8,9]   |  8,9]   | 
+---------+---------+---------+---------+---------+---------+---------+---------+---------+
| [1,2,3, |   [7]   | [1,2,3, | [1,2,3, | [1,2,3, | [1,2,3, | [1,2,3, | [1,2,3, | [1,2,3, | 
|  4,5,6] |         |  4,5,6] |  4,5,6, |  4,5,6, |  4,5,6, |  4,5,6, |  4,5,6, |  4,5,6, | 
|         |         |         |  8,9]   |  8,9]   |  8,9]   |  8,9]   |  8,9]   |  8,9]   | 
+---------+---------+---------+---------+---------+---------+---------+---------+---------+
| [1,2,3, |   [8]   | [1,2,3, | [1,2,3, | [1,2,3, | [1,2,3, | [1,2,3, | [1,2,3, | [1,2,3, | 
|  4,5,6] |         |  4,5,6] |  4,5,6, |  4,5,6, |  4,5,6, |  4,5,6, |  4,5,6, |  4,5,6, | 
|         |         |         |  7,9]   |  7,9]   |  7,9]   |  7,9]   |  7,9]   |  7,9]   | 
+---------+---------+---------+---------+---------+---------+---------+---------+---------+
| [1,2,3, |   [9]   | [1,2,3, | [1,2,3, | [1,2,3, | [1,2,3, | [1,2,3, | [1,2,3, | [1,2,3, | 
|  4,5,6] |         |  4,5,6] |  4,5,6, |  4,5,6, |  4,5,6, |  4,5,6, |  4,5,6, |  4,5,6, | 
|         |         |         |  7,8]   |  7,8]   |  7,8]   |  7,8]   |  7,8]   |  7,8]   | 
+---------+---------+---------+---------+---------+---------+---------+---------+---------+

cell 1,1 has been enforced to 4.

value 4 has been removed from cell 2,3 domain because of cell 1,1 domain.
value 4 has been removed from cell 3,3 domain because of cell 1,1 domain.
value 4 has been removed from cell 2,1 domain because of cell 1,1 domain.
value 4 has been removed from cell 3,1 domain because of cell 1,1 domain.
value 4 has been removed from cell 7,1 domain because of cell 1,1 domain.
value 4 has been removed from cell 8,1 domain because of cell 1,1 domain.
value 4 has been removed from cell 9,1 domain because of cell 1,1 domain.
value 4 has been removed from cell 1,3 domain because of cell 1,1 domain.
value 4 has been removed from cell 1,4 domain because of cell 1,1 domain.
value 4 has been removed from cell 1,5 domain because of cell 1,1 domain.
value 4 has been removed from cell 1,6 domain because of cell 1,1 domain.
value 4 has been removed from cell 1,7 domain because of cell 1,1 domain.
value 4 has been removed from cell 1,8 domain because of cell 1,1 domain.
value 4 has been removed from cell 1,9 domain because of cell 1,1 domain.

domains after applying arc consistency are : 
+---------+---------+---------+---------+---------+---------+---------+---------+---------+
|   [4]   |   [1]   | [5,6,7, | [2,3,5, | [2,3,5, | [2,3,5, | [2,3,5, | [2,3,5, | [2,3,5, | 
|         |         |  8,9]   |  6,7,8, |  6,7,8, |  6,7,8, |  6,7,8, |  6,7,8, |  6,7,8, | 
|         |         |         |  9]     |  9]     |  9]     |  9]     |  9]     |  9]     | 
+---------+---------+---------+---------+---------+---------+---------+---------+---------+
| [5,6,7, |   [2]   | [5,6,7, | [1,3,4, | [1,3,4, | [1,3,4, | [1,3,4, | [1,3,4, | [1,3,4, | 
|  8,9]   |         |  8,9]   |  5,6,7, |  5,6,7, |  5,6,7, |  5,6,7, |  5,6,7, |  5,6,7, | 
|         |         |         |  8,9]   |  8,9]   |  8,9]   |  8,9]   |  8,9]   |  8,9]   | 
+---------+---------+---------+---------+---------+---------+---------+---------+---------+
| [5,6,7, |   [3]   | [5,6,7, | [1,2,4, | [1,2,4, | [1,2,4, | [1,2,4, | [1,2,4, | [1,2,4, | 
|  8,9]   |         |  8,9]   |  5,6,7, |  5,6,7, |  5,6,7, |  5,6,7, |  5,6,7, |  5,6,7, | 
|         |         |         |  8,9]   |  8,9]   |  8,9]   |  8,9]   |  8,9]   |  8,9]   | 
+---------+---------+---------+---------+---------+---------+---------+---------+---------+
| [1,2,3, |   [4]   | [1,2,3, | [1,2,3, | [1,2,3, | [1,2,3, | [1,2,3, | [1,2,3, | [1,2,3, | 
|  7,8,9] |         |  7,8,9] |  5,6,7, |  5,6,7, |  5,6,7, |  5,6,7, |  5,6,7, |  5,6,7, | 
|         |         |         |  8,9]   |  8,9]   |  8,9]   |  8,9]   |  8,9]   |  8,9]   | 
+---------+---------+---------+---------+---------+---------+---------+---------+---------+
| [1,2,3, |   [5]   | [1,2,3, | [1,2,3, | [1,2,3, | [1,2,3, | [1,2,3, | [1,2,3, | [1,2,3, | 
|  7,8,9] |         |  7,8,9] |  4,6,7, |  4,6,7, |  4,6,7, |  4,6,7, |  4,6,7, |  4,6,7, | 
|         |         |         |  8,9]   |  8,9]   |  8,9]   |  8,9]   |  8,9]   |  8,9]   | 
+---------+---------+---------+---------+---------+---------+---------+---------+---------+
| [1,2,3, |   [6]   | [1,2,3, | [1,2,3, | [1,2,3, | [1,2,3, | [1,2,3, | [1,2,3, | [1,2,3, | 
|  7,8,9] |         |  7,8,9] |  4,5,7, |  4,5,7, |  4,5,7, |  4,5,7, |  4,5,7, |  4,5,7, | 
|         |         |         |  8,9]   |  8,9]   |  8,9]   |  8,9]   |  8,9]   |  8,9]   | 
+---------+---------+---------+---------+---------+---------+---------+---------+---------+
| [1,2,3, |   [7]   | [1,2,3, | [1,2,3, | [1,2,3, | [1,2,3, | [1,2,3, | [1,2,3, | [1,2,3, | 
|  5,6]   |         |  4,5,6] |  4,5,6, |  4,5,6, |  4,5,6, |  4,5,6, |  4,5,6, |  4,5,6, | 
|         |         |         |  8,9]   |  8,9]   |  8,9]   |  8,9]   |  8,9]   |  8,9]   | 
+---------+---------+---------+---------+---------+---------+---------+---------+---------+
| [1,2,3, |   [8]   | [1,2,3, | [1,2,3, | [1,2,3, | [1,2,3, | [1,2,3, | [1,2,3, | [1,2,3, | 
|  5,6]   |         |  4,5,6] |  4,5,6, |  4,5,6, |  4,5,6, |  4,5,6, |  4,5,6, |  4,5,6, | 
|         |         |         |  7,9]   |  7,9]   |  7,9]   |  7,9]   |  7,9]   |  7,9]   | 
+---------+---------+---------+---------+---------+---------+---------+---------+---------+
| [1,2,3, |   [9]   | [1,2,3, | [1,2,3, | [1,2,3, | [1,2,3, | [1,2,3, | [1,2,3, | [1,2,3, | 
|  5,6]   |         |  4,5,6] |  4,5,6, |  4,5,6, |  4,5,6, |  4,5,6, |  4,5,6, |  4,5,6, | 
|         |         |         |  7,8]   |  7,8]   |  7,8]   |  7,8]   |  7,8]   |  7,8]   | 
+---------+---------+---------+---------+---------+---------+---------+---------+---------+

cell 1,3 has been enforced to 5.

value 5 has been removed from cell 2,1 domain because of cell 1,3 domain.
value 5 has been removed from cell 3,1 domain because of cell 1,3 domain.
value 5 has been removed from cell 2,3 domain because of cell 1,3 domain.
value 5 has been removed from cell 3,3 domain because of cell 1,3 domain.
value 5 has been removed from cell 7,3 domain because of cell 1,3 domain.
value 5 has been removed from cell 8,3 domain because of cell 1,3 domain.
value 5 has been removed from cell 9,3 domain because of cell 1,3 domain.
value 5 has been removed from cell 1,4 domain because of cell 1,3 domain.
value 5 has been removed from cell 1,5 domain because of cell 1,3 domain.
value 5 has been removed from cell 1,6 domain because of cell 1,3 domain.
value 5 has been removed from cell 1,7 domain because of cell 1,3 domain.
value 5 has been removed from cell 1,8 domain because of cell 1,3 domain.
value 5 has been removed from cell 1,9 domain because of cell 1,3 domain.

domains after applying arc consistency are : 
+---------+---------+---------+---------+---------+---------+---------+---------+---------+
|   [4]   |   [1]   |   [5]   | [2,3,6, | [2,3,6, | [2,3,6, | [2,3,6, | [2,3,6, | [2,3,6, | 
|         |         |         |  7,8,9] |  7,8,9] |  7,8,9] |  7,8,9] |  7,8,9] |  7,8,9] | 
|         |         |         |         |         |         |         |         |         | 
+---------+---------+---------+---------+---------+---------+---------+---------+---------+
| [6,7,8, |   [2]   | [6,7,8, | [1,3,4, | [1,3,4, | [1,3,4, | [1,3,4, | [1,3,4, | [1,3,4, | 
|  9]     |         |  9]     |  5,6,7, |  5,6,7, |  5,6,7, |  5,6,7, |  5,6,7, |  5,6,7, | 
|         |         |         |  8,9]   |  8,9]   |  8,9]   |  8,9]   |  8,9]   |  8,9]   | 
+---------+---------+---------+---------+---------+---------+---------+---------+---------+
| [6,7,8, |   [3]   | [6,7,8, | [1,2,4, | [1,2,4, | [1,2,4, | [1,2,4, | [1,2,4, | [1,2,4, | 
|  9]     |         |  9]     |  5,6,7, |  5,6,7, |  5,6,7, |  5,6,7, |  5,6,7, |  5,6,7, | 
|         |         |         |  8,9]   |  8,9]   |  8,9]   |  8,9]   |  8,9]   |  8,9]   | 
+---------+---------+---------+---------+---------+---------+---------+---------+---------+
| [1,2,3, |   [4]   | [1,2,3, | [1,2,3, | [1,2,3, | [1,2,3, | [1,2,3, | [1,2,3, | [1,2,3, | 
|  7,8,9] |         |  7,8,9] |  5,6,7, |  5,6,7, |  5,6,7, |  5,6,7, |  5,6,7, |  5,6,7, | 
|         |         |         |  8,9]   |  8,9]   |  8,9]   |  8,9]   |  8,9]   |  8,9]   | 
+---------+---------+---------+---------+---------+---------+---------+---------+---------+
| [1,2,3, |   [5]   | [1,2,3, | [1,2,3, | [1,2,3, | [1,2,3, | [1,2,3, | [1,2,3, | [1,2,3, | 
|  7,8,9] |         |  7,8,9] |  4,6,7, |  4,6,7, |  4,6,7, |  4,6,7, |  4,6,7, |  4,6,7, | 
|         |         |         |  8,9]   |  8,9]   |  8,9]   |  8,9]   |  8,9]   |  8,9]   | 
+---------+---------+---------+---------+---------+---------+---------+---------+---------+
| [1,2,3, |   [6]   | [1,2,3, | [1,2,3, | [1,2,3, | [1,2,3, | [1,2,3, | [1,2,3, | [1,2,3, | 
|  7,8,9] |         |  7,8,9] |  4,5,7, |  4,5,7, |  4,5,7, |  4,5,7, |  4,5,7, |  4,5,7, | 
|         |         |         |  8,9]   |  8,9]   |  8,9]   |  8,9]   |  8,9]   |  8,9]   | 
+---------+---------+---------+---------+---------+---------+---------+---------+---------+
| [1,2,3, |   [7]   | [1,2,3, | [1,2,3, | [1,2,3, | [1,2,3, | [1,2,3, | [1,2,3, | [1,2,3, | 
|  5,6]   |         |  4,6]   |  4,5,6, |  4,5,6, |  4,5,6, |  4,5,6, |  4,5,6, |  4,5,6, | 
|         |         |         |  8,9]   |  8,9]   |  8,9]   |  8,9]   |  8,9]   |  8,9]   | 
+---------+---------+---------+---------+---------+---------+---------+---------+---------+
| [1,2,3, |   [8]   | [1,2,3, | [1,2,3, | [1,2,3, | [1,2,3, | [1,2,3, | [1,2,3, | [1,2,3, | 
|  5,6]   |         |  4,6]   |  4,5,6, |  4,5,6, |  4,5,6, |  4,5,6, |  4,5,6, |  4,5,6, | 
|         |         |         |  7,9]   |  7,9]   |  7,9]   |  7,9]   |  7,9]   |  7,9]   | 
+---------+---------+---------+---------+---------+---------+---------+---------+---------+
| [1,2,3, |   [9]   | [1,2,3, | [1,2,3, | [1,2,3, | [1,2,3, | [1,2,3, | [1,2,3, | [1,2,3, | 
|  5,6]   |         |  4,6]   |  4,5,6, |  4,5,6, |  4,5,6, |  4,5,6, |  4,5,6, |  4,5,6, | 
|         |         |         |  7,8]   |  7,8]   |  7,8]   |  7,8]   |  7,8]   |  7,8]   | 
+---------+---------+---------+---------+---------+---------+---------+---------+---------+

cell 2,1 has been enforced to 6.

value 6 has been removed from cell 3,3 domain because of cell 2,1 domain.
value 6 has been removed from cell 3,1 domain because of cell 2,1 domain.
value 6 has been removed from cell 7,1 domain because of cell 2,1 domain.
value 6 has been removed from cell 8,1 domain because of cell 2,1 domain.
value 6 has been removed from cell 9,1 domain because of cell 2,1 domain.
value 6 has been removed from cell 2,3 domain because of cell 2,1 domain.
value 6 has been removed from cell 2,4 domain because of cell 2,1 domain.
value 6 has been removed from cell 2,5 domain because of cell 2,1 domain.
value 6 has been removed from cell 2,6 domain because of cell 2,1 domain.
value 6 has been removed from cell 2,7 domain because of cell 2,1 domain.
value 6 has been removed from cell 2,8 domain because of cell 2,1 domain.
value 6 has been removed from cell 2,9 domain because of cell 2,1 domain.

domains after applying arc consistency are : 
+---------+---------+---------+---------+---------+---------+---------+---------+---------+
|   [4]   |   [1]   |   [5]   | [2,3,6, | [2,3,6, | [2,3,6, | [2,3,6, | [2,3,6, | [2,3,6, | 
|         |         |         |  7,8,9] |  7,8,9] |  7,8,9] |  7,8,9] |  7,8,9] |  7,8,9] | 
|         |         |         |         |         |         |         |         |         | 
+---------+---------+---------+---------+---------+---------+---------+---------+---------+
|   [6]   |   [2]   | [7,8,9] | [1,3,4, | [1,3,4, | [1,3,4, | [1,3,4, | [1,3,4, | [1,3,4, | 
|         |         |         |  5,7,8, |  5,7,8, |  5,7,8, |  5,7,8, |  5,7,8, |  5,7,8, | 
|         |         |         |  9]     |  9]     |  9]     |  9]     |  9]     |  9]     | 
+---------+---------+---------+---------+---------+---------+---------+---------+---------+
| [7,8,9] |   [3]   | [7,8,9] | [1,2,4, | [1,2,4, | [1,2,4, | [1,2,4, | [1,2,4, | [1,2,4, | 
|         |         |         |  5,6,7, |  5,6,7, |  5,6,7, |  5,6,7, |  5,6,7, |  5,6,7, | 
|         |         |         |  8,9]   |  8,9]   |  8,9]   |  8,9]   |  8,9]   |  8,9]   | 
+---------+---------+---------+---------+---------+---------+---------+---------+---------+
| [1,2,3, |   [4]   | [1,2,3, | [1,2,3, | [1,2,3, | [1,2,3, | [1,2,3, | [1,2,3, | [1,2,3, | 
|  7,8,9] |         |  7,8,9] |  5,6,7, |  5,6,7, |  5,6,7, |  5,6,7, |  5,6,7, |  5,6,7, | 
|         |         |         |  8,9]   |  8,9]   |  8,9]   |  8,9]   |  8,9]   |  8,9]   | 
+---------+---------+---------+---------+---------+---------+---------+---------+---------+
| [1,2,3, |   [5]   | [1,2,3, | [1,2,3, | [1,2,3, | [1,2,3, | [1,2,3, | [1,2,3, | [1,2,3, | 
|  7,8,9] |         |  7,8,9] |  4,6,7, |  4,6,7, |  4,6,7, |  4,6,7, |  4,6,7, |  4,6,7, | 
|         |         |         |  8,9]   |  8,9]   |  8,9]   |  8,9]   |  8,9]   |  8,9]   | 
+---------+---------+---------+---------+---------+---------+---------+---------+---------+
| [1,2,3, |   [6]   | [1,2,3, | [1,2,3, | [1,2,3, | [1,2,3, | [1,2,3, | [1,2,3, | [1,2,3, | 
|  7,8,9] |         |  7,8,9] |  4,5,7, |  4,5,7, |  4,5,7, |  4,5,7, |  4,5,7, |  4,5,7, | 
|         |         |         |  8,9]   |  8,9]   |  8,9]   |  8,9]   |  8,9]   |  8,9]   | 
+---------+---------+---------+---------+---------+---------+---------+---------+---------+
| [1,2,3, |   [7]   | [1,2,3, | [1,2,3, | [1,2,3, | [1,2,3, | [1,2,3, | [1,2,3, | [1,2,3, | 
|  5]     |         |  4,6]   |  4,5,6, |  4,5,6, |  4,5,6, |  4,5,6, |  4,5,6, |  4,5,6, | 
|         |         |         |  8,9]   |  8,9]   |  8,9]   |  8,9]   |  8,9]   |  8,9]   | 
+---------+---------+---------+---------+---------+---------+---------+---------+---------+
| [1,2,3, |   [8]   | [1,2,3, | [1,2,3, | [1,2,3, | [1,2,3, | [1,2,3, | [1,2,3, | [1,2,3, | 
|  5]     |         |  4,6]   |  4,5,6, |  4,5,6, |  4,5,6, |  4,5,6, |  4,5,6, |  4,5,6, | 
|         |         |         |  7,9]   |  7,9]   |  7,9]   |  7,9]   |  7,9]   |  7,9]   | 
+---------+---------+---------+---------+---------+---------+---------+---------+---------+
| [1,2,3, |   [9]   | [1,2,3, | [1,2,3, | [1,2,3, | [1,2,3, | [1,2,3, | [1,2,3, | [1,2,3, | 
|  5]     |         |  4,6]   |  4,5,6, |  4,5,6, |  4,5,6, |  4,5,6, |  4,5,6, |  4,5,6, | 
|         |         |         |  7,8]   |  7,8]   |  7,8]   |  7,8]   |  7,8]   |  7,8]   | 
+---------+---------+---------+---------+---------+---------+---------+---------+---------+

cell 2,3 has been enforced to 7.

value 7 has been removed from cell 3,1 domain because of cell 2,3 domain.
value 7 has been removed from cell 3,3 domain because of cell 2,3 domain.
value 7 has been removed from cell 4,3 domain because of cell 2,3 domain.
value 7 has been removed from cell 5,3 domain because of cell 2,3 domain.
value 7 has been removed from cell 6,3 domain because of cell 2,3 domain.
value 7 has been removed from cell 2,4 domain because of cell 2,3 domain.
value 7 has been removed from cell 2,5 domain because of cell 2,3 domain.
value 7 has been removed from cell 2,6 domain because of cell 2,3 domain.
value 7 has been removed from cell 2,7 domain because of cell 2,3 domain.
value 7 has been removed from cell 2,8 domain because of cell 2,3 domain.
value 7 has been removed from cell 2,9 domain because of cell 2,3 domain.

domains after applying arc consistency are : 
+---------+---------+---------+---------+---------+---------+---------+---------+---------+
|   [4]   |   [1]   |   [5]   | [2,3,6, | [2,3,6, | [2,3,6, | [2,3,6, | [2,3,6, | [2,3,6, | 
|         |         |         |  7,8,9] |  7,8,9] |  7,8,9] |  7,8,9] |  7,8,9] |  7,8,9] | 
|         |         |         |         |         |         |         |         |         | 
+---------+---------+---------+---------+---------+---------+---------+---------+---------+
|   [6]   |   [2]   |   [7]   | [1,3,4, | [1,3,4, | [1,3,4, | [1,3,4, | [1,3,4, | [1,3,4, | 
|         |         |         |  5,8,9] |  5,8,9] |  5,8,9] |  5,8,9] |  5,8,9] |  5,8,9] | 
|         |         |         |         |         |         |         |         |         | 
+---------+---------+---------+---------+---------+---------+---------+---------+---------+
|  [8,9]  |   [3]   |  [8,9]  | [1,2,4, | [1,2,4, | [1,2,4, | [1,2,4, | [1,2,4, | [1,2,4, | 
|         |         |         |  5,6,7, |  5,6,7, |  5,6,7, |  5,6,7, |  5,6,7, |  5,6,7, | 
|         |         |         |  8,9]   |  8,9]   |  8,9]   |  8,9]   |  8,9]   |  8,9]   | 
+---------+---------+---------+---------+---------+---------+---------+---------+---------+
| [1,2,3, |   [4]   | [1,2,3, | [1,2,3, | [1,2,3, | [1,2,3, | [1,2,3, | [1,2,3, | [1,2,3, | 
|  7,8,9] |         |  8,9]   |  5,6,7, |  5,6,7, |  5,6,7, |  5,6,7, |  5,6,7, |  5,6,7, | 
|         |         |         |  8,9]   |  8,9]   |  8,9]   |  8,9]   |  8,9]   |  8,9]   | 
+---------+---------+---------+---------+---------+---------+---------+---------+---------+
| [1,2,3, |   [5]   | [1,2,3, | [1,2,3, | [1,2,3, | [1,2,3, | [1,2,3, | [1,2,3, | [1,2,3, | 
|  7,8,9] |         |  8,9]   |  4,6,7, |  4,6,7, |  4,6,7, |  4,6,7, |  4,6,7, |  4,6,7, | 
|         |         |         |  8,9]   |  8,9]   |  8,9]   |  8,9]   |  8,9]   |  8,9]   | 
+---------+---------+---------+---------+---------+---------+---------+---------+---------+
| [1,2,3, |   [6]   | [1,2,3, | [1,2,3, | [1,2,3, | [1,2,3, | [1,2,3, | [1,2,3, | [1,2,3, | 
|  7,8,9] |         |  8,9]   |  4,5,7, |  4,5,7, |  4,5,7, |  4,5,7, |  4,5,7, |  4,5,7, | 
|         |         |         |  8,9]   |  8,9]   |  8,9]   |  8,9]   |  8,9]   |  8,9]   | 
+---------+---------+---------+---------+---------+---------+---------+---------+---------+
| [1,2,3, |   [7]   | [1,2,3, | [1,2,3, | [1,2,3, | [1,2,3, | [1,2,3, | [1,2,3, | [1,2,3, | 
|  5]     |         |  4,6]   |  4,5,6, |  4,5,6, |  4,5,6, |  4,5,6, |  4,5,6, |  4,5,6, | 
|         |         |         |  8,9]   |  8,9]   |  8,9]   |  8,9]   |  8,9]   |  8,9]   | 
+---------+---------+---------+---------+---------+---------+---------+---------+---------+
| [1,2,3, |   [8]   | [1,2,3, | [1,2,3, | [1,2,3, | [1,2,3, | [1,2,3, | [1,2,3, | [1,2,3, | 
|  5]     |         |  4,6]   |  4,5,6, |  4,5,6, |  4,5,6, |  4,5,6, |  4,5,6, |  4,5,6, | 
|         |         |         |  7,9]   |  7,9]   |  7,9]   |  7,9]   |  7,9]   |  7,9]   | 
+---------+---------+---------+---------+---------+---------+---------+---------+---------+
| [1,2,3, |   [9]   | [1,2,3, | [1,2,3, | [1,2,3, | [1,2,3, | [1,2,3, | [1,2,3, | [1,2,3, | 
|  5]     |         |  4,6]   |  4,5,6, |  4,5,6, |  4,5,6, |  4,5,6, |  4,5,6, |  4,5,6, | 
|         |         |         |  7,8]   |  7,8]   |  7,8]   |  7,8]   |  7,8]   |  7,8]   | 
+---------+---------+---------+---------+---------+---------+---------+---------+---------+

cell 3,1 has been enforced to 8.

value 8 has been removed from cell 4,1 domain because of cell 3,1 domain.
value 8 has been removed from cell 5,1 domain because of cell 3,1 domain.
value 8 has been removed from cell 6,1 domain because of cell 3,1 domain.
value 8 has been removed from cell 3,3 domain because of cell 3,1 domain.
value 8 has been removed from cell 3,4 domain because of cell 3,1 domain.
value 8 has been removed from cell 3,5 domain because of cell 3,1 domain.
value 8 has been removed from cell 3,6 domain because of cell 3,1 domain.
value 8 has been removed from cell 3,7 domain because of cell 3,1 domain.
value 8 has been removed from cell 3,8 domain because of cell 3,1 domain.
value 8 has been removed from cell 3,9 domain because of cell 3,1 domain.
value 9 has been removed from cell 4,3 domain because of cell 3,3 domain.
value 9 has been removed from cell 5,3 domain because of cell 3,3 domain.
value 9 has been removed from cell 6,3 domain because of cell 3,3 domain.
value 9 has been removed from cell 3,4 domain because of cell 3,3 domain.
value 9 has been removed from cell 3,5 domain because of cell 3,3 domain.
value 9 has been removed from cell 3,6 domain because of cell 3,3 domain.
value 9 has been removed from cell 3,7 domain because of cell 3,3 domain.
value 9 has been removed from cell 3,8 domain because of cell 3,3 domain.
value 9 has been removed from cell 3,9 domain because of cell 3,3 domain.

domains after applying arc consistency are : 
+---------+---------+---------+---------+---------+---------+---------+---------+---------+
|   [4]   |   [1]   |   [5]   | [2,3,6, | [2,3,6, | [2,3,6, | [2,3,6, | [2,3,6, | [2,3,6, | 
|         |         |         |  7,8,9] |  7,8,9] |  7,8,9] |  7,8,9] |  7,8,9] |  7,8,9] | 
|         |         |         |         |         |         |         |         |         | 
+---------+---------+---------+---------+---------+---------+---------+---------+---------+
|   [6]   |   [2]   |   [7]   | [1,3,4, | [1,3,4, | [1,3,4, | [1,3,4, | [1,3,4, | [1,3,4, | 
|         |         |         |  5,8,9] |  5,8,9] |  5,8,9] |  5,8,9] |  5,8,9] |  5,8,9] | 
|         |         |         |         |         |         |         |         |         | 
+---------+---------+---------+---------+---------+---------+---------+---------+---------+
|   [8]   |   [3]   |   [9]   | [1,2,4, | [1,2,4, | [1,2,4, | [1,2,4, | [1,2,4, | [1,2,4, | 
|         |         |         |  5,6,7] |  5,6,7] |  5,6,7] |  5,6,7] |  5,6,7] |  5,6,7] | 
|         |         |         |         |         |         |         |         |         | 
+---------+---------+---------+---------+---------+---------+---------+---------+---------+
| [1,2,3, |   [4]   | [1,2,3, | [1,2,3, | [1,2,3, | [1,2,3, | [1,2,3, | [1,2,3, | [1,2,3, | 
|  7,9]   |         |  8]     |  5,6,7, |  5,6,7, |  5,6,7, |  5,6,7, |  5,6,7, |  5,6,7, | 
|         |         |         |  8,9]   |  8,9]   |  8,9]   |  8,9]   |  8,9]   |  8,9]   | 
+---------+---------+---------+---------+---------+---------+---------+---------+---------+
| [1,2,3, |   [5]   | [1,2,3, | [1,2,3, | [1,2,3, | [1,2,3, | [1,2,3, | [1,2,3, | [1,2,3, | 
|  7,9]   |         |  8]     |  4,6,7, |  4,6,7, |  4,6,7, |  4,6,7, |  4,6,7, |  4,6,7, | 
|         |         |         |  8,9]   |  8,9]   |  8,9]   |  8,9]   |  8,9]   |  8,9]   | 
+---------+---------+---------+---------+---------+---------+---------+---------+---------+
| [1,2,3, |   [6]   | [1,2,3, | [1,2,3, | [1,2,3, | [1,2,3, | [1,2,3, | [1,2,3, | [1,2,3, | 
|  7,9]   |         |  8]     |  4,5,7, |  4,5,7, |  4,5,7, |  4,5,7, |  4,5,7, |  4,5,7, | 
|         |         |         |  8,9]   |  8,9]   |  8,9]   |  8,9]   |  8,9]   |  8,9]   | 
+---------+---------+---------+---------+---------+---------+---------+---------+---------+
| [1,2,3, |   [7]   | [1,2,3, | [1,2,3, | [1,2,3, | [1,2,3, | [1,2,3, | [1,2,3, | [1,2,3, | 
|  5]     |         |  4,6]   |  4,5,6, |  4,5,6, |  4,5,6, |  4,5,6, |  4,5,6, |  4,5,6, | 
|         |         |         |  8,9]   |  8,9]   |  8,9]   |  8,9]   |  8,9]   |  8,9]   | 
+---------+---------+---------+---------+---------+---------+---------+---------+---------+
| [1,2,3, |   [8]   | [1,2,3, | [1,2,3, | [1,2,3, | [1,2,3, | [1,2,3, | [1,2,3, | [1,2,3, | 
|  5]     |         |  4,6]   |  4,5,6, |  4,5,6, |  4,5,6, |  4,5,6, |  4,5,6, |  4,5,6, | 
|         |         |         |  7,9]   |  7,9]   |  7,9]   |  7,9]   |  7,9]   |  7,9]   | 
+---------+---------+---------+---------+---------+---------+---------+---------+---------+
| [1,2,3, |   [9]   | [1,2,3, | [1,2,3, | [1,2,3, | [1,2,3, | [1,2,3, | [1,2,3, | [1,2,3, | 
|  5]     |         |  4,6]   |  4,5,6, |  4,5,6, |  4,5,6, |  4,5,6, |  4,5,6, |  4,5,6, | 
|         |         |         |  7,8]   |  7,8]   |  7,8]   |  7,8]   |  7,8]   |  7,8]   | 
+---------+---------+---------+---------+---------+---------+---------+---------+---------+

cell 4,3 has been enforced to 8.

value 8 has been removed from cell 5,3 domain because of cell 4,3 domain.
value 8 has been removed from cell 6,3 domain because of cell 4,3 domain.
value 8 has been removed from cell 4,4 domain because of cell 4,3 domain.
value 8 has been removed from cell 4,5 domain because of cell 4,3 domain.
value 8 has been removed from cell 4,6 domain because of cell 4,3 domain.
value 8 has been removed from cell 4,7 domain because of cell 4,3 domain.
value 8 has been removed from cell 4,8 domain because of cell 4,3 domain.
value 8 has been removed from cell 4,9 domain because of cell 4,3 domain.

domains after applying arc consistency are : 
+---------+---------+---------+---------+---------+---------+---------+---------+---------+
|   [4]   |   [1]   |   [5]   | [2,3,6, | [2,3,6, | [2,3,6, | [2,3,6, | [2,3,6, | [2,3,6, | 
|         |         |         |  7,8,9] |  7,8,9] |  7,8,9] |  7,8,9] |  7,8,9] |  7,8,9] | 
|         |         |         |         |         |         |         |         |         | 
+---------+---------+---------+---------+---------+---------+---------+---------+---------+
|   [6]   |   [2]   |   [7]   | [1,3,4, | [1,3,4, | [1,3,4, | [1,3,4, | [1,3,4, | [1,3,4, | 
|         |         |         |  5,8,9] |  5,8,9] |  5,8,9] |  5,8,9] |  5,8,9] |  5,8,9] | 
|         |         |         |         |         |         |         |         |         | 
+---------+---------+---------+---------+---------+---------+---------+---------+---------+
|   [8]   |   [3]   |   [9]   | [1,2,4, | [1,2,4, | [1,2,4, | [1,2,4, | [1,2,4, | [1,2,4, | 
|         |         |         |  5,6,7] |  5,6,7] |  5,6,7] |  5,6,7] |  5,6,7] |  5,6,7] | 
|         |         |         |         |         |         |         |         |         | 
+---------+---------+---------+---------+---------+---------+---------+---------+---------+
| [1,2,3, |   [4]   |   [8]   | [1,2,3, | [1,2,3, | [1,2,3, | [1,2,3, | [1,2,3, | [1,2,3, | 
|  7,9]   |         |         |  5,6,7, |  5,6,7, |  5,6,7, |  5,6,7, |  5,6,7, |  5,6,7, | 
|         |         |         |  9]     |  9]     |  9]     |  9]     |  9]     |  9]     | 
+---------+---------+---------+---------+---------+---------+---------+---------+---------+
| [1,2,3, |   [5]   | [1,2,3] | [1,2,3, | [1,2,3, | [1,2,3, | [1,2,3, | [1,2,3, | [1,2,3, | 
|  7,9]   |         |         |  4,6,7, |  4,6,7, |  4,6,7, |  4,6,7, |  4,6,7, |  4,6,7, | 
|         |         |         |  8,9]   |  8,9]   |  8,9]   |  8,9]   |  8,9]   |  8,9]   | 
+---------+---------+---------+---------+---------+---------+---------+---------+---------+
| [1,2,3, |   [6]   | [1,2,3] | [1,2,3, | [1,2,3, | [1,2,3, | [1,2,3, | [1,2,3, | [1,2,3, | 
|  7,9]   |         |         |  4,5,7, |  4,5,7, |  4,5,7, |  4,5,7, |  4,5,7, |  4,5,7, | 
|         |         |         |  8,9]   |  8,9]   |  8,9]   |  8,9]   |  8,9]   |  8,9]   | 
+---------+---------+---------+---------+---------+---------+---------+---------+---------+
| [1,2,3, |   [7]   | [1,2,3, | [1,2,3, | [1,2,3, | [1,2,3, | [1,2,3, | [1,2,3, | [1,2,3, | 
|  5]     |         |  4,6]   |  4,5,6, |  4,5,6, |  4,5,6, |  4,5,6, |  4,5,6, |  4,5,6, | 
|         |         |         |  8,9]   |  8,9]   |  8,9]   |  8,9]   |  8,9]   |  8,9]   | 
+---------+---------+---------+---------+---------+---------+---------+---------+---------+
| [1,2,3, |   [8]   | [1,2,3, | [1,2,3, | [1,2,3, | [1,2,3, | [1,2,3, | [1,2,3, | [1,2,3, | 
|  5]     |         |  4,6]   |  4,5,6, |  4,5,6, |  4,5,6, |  4,5,6, |  4,5,6, |  4,5,6, | 
|         |         |         |  7,9]   |  7,9]   |  7,9]   |  7,9]   |  7,9]   |  7,9]   | 
+---------+---------+---------+---------+---------+---------+---------+---------+---------+
| [1,2,3, |   [9]   | [1,2,3, | [1,2,3, | [1,2,3, | [1,2,3, | [1,2,3, | [1,2,3, | [1,2,3, | 
|  5]     |         |  4,6]   |  4,5,6, |  4,5,6, |  4,5,6, |  4,5,6, |  4,5,6, |  4,5,6, | 
|         |         |         |  7,8]   |  7,8]   |  7,8]   |  7,8]   |  7,8]   |  7,8]   | 
+---------+---------+---------+---------+---------+---------+---------+---------+---------+

cell 5,3 has been enforced to 1.

value 1 has been removed from cell 4,1 domain because of cell 5,3 domain.
value 1 has been removed from cell 6,1 domain because of cell 5,3 domain.
value 1 has been removed from cell 6,3 domain because of cell 5,3 domain.
value 1 has been removed from cell 7,3 domain because of cell 5,3 domain.
value 1 has been removed from cell 8,3 domain because of cell 5,3 domain.
value 1 has been removed from cell 9,3 domain because of cell 5,3 domain.
value 1 has been removed from cell 5,1 domain because of cell 5,3 domain.
value 1 has been removed from cell 5,4 domain because of cell 5,3 domain.
value 1 has been removed from cell 5,5 domain because of cell 5,3 domain.
value 1 has been removed from cell 5,6 domain because of cell 5,3 domain.
value 1 has been removed from cell 5,7 domain because of cell 5,3 domain.
value 1 has been removed from cell 5,8 domain because of cell 5,3 domain.
value 1 has been removed from cell 5,9 domain because of cell 5,3 domain.

domains after applying arc consistency are : 
+---------+---------+---------+---------+---------+---------+---------+---------+---------+
|   [4]   |   [1]   |   [5]   | [2,3,6, | [2,3,6, | [2,3,6, | [2,3,6, | [2,3,6, | [2,3,6, | 
|         |         |         |  7,8,9] |  7,8,9] |  7,8,9] |  7,8,9] |  7,8,9] |  7,8,9] | 
|         |         |         |         |         |         |         |         |         | 
+---------+---------+---------+---------+---------+---------+---------+---------+---------+
|   [6]   |   [2]   |   [7]   | [1,3,4, | [1,3,4, | [1,3,4, | [1,3,4, | [1,3,4, | [1,3,4, | 
|         |         |         |  5,8,9] |  5,8,9] |  5,8,9] |  5,8,9] |  5,8,9] |  5,8,9] | 
|         |         |         |         |         |         |         |         |         | 
+---------+---------+---------+---------+---------+---------+---------+---------+---------+
|   [8]   |   [3]   |   [9]   | [1,2,4, | [1,2,4, | [1,2,4, | [1,2,4, | [1,2,4, | [1,2,4, | 
|         |         |         |  5,6,7] |  5,6,7] |  5,6,7] |  5,6,7] |  5,6,7] |  5,6,7] | 
|         |         |         |         |         |         |         |         |         | 
+---------+---------+---------+---------+---------+---------+---------+---------+---------+
| [2,3,7, |   [4]   |   [8]   | [1,2,3, | [1,2,3, | [1,2,3, | [1,2,3, | [1,2,3, | [1,2,3, | 
|  9]     |         |         |  5,6,7, |  5,6,7, |  5,6,7, |  5,6,7, |  5,6,7, |  5,6,7, | 
|         |         |         |  9]     |  9]     |  9]     |  9]     |  9]     |  9]     | 
+---------+---------+---------+---------+---------+---------+---------+---------+---------+
| [2,3,7, |   [5]   |   [1]   | [2,3,4, | [2,3,4, | [2,3,4, | [2,3,4, | [2,3,4, | [2,3,4, | 
|  9]     |         |         |  6,7,8, |  6,7,8, |  6,7,8, |  6,7,8, |  6,7,8, |  6,7,8, | 
|         |         |         |  9]     |  9]     |  9]     |  9]     |  9]     |  9]     | 
+---------+---------+---------+---------+---------+---------+---------+---------+---------+
| [2,3,7, |   [6]   |  [2,3]  | [1,2,3, | [1,2,3, | [1,2,3, | [1,2,3, | [1,2,3, | [1,2,3, | 
|  9]     |         |         |  4,5,7, |  4,5,7, |  4,5,7, |  4,5,7, |  4,5,7, |  4,5,7, | 
|         |         |         |  8,9]   |  8,9]   |  8,9]   |  8,9]   |  8,9]   |  8,9]   | 
+---------+---------+---------+---------+---------+---------+---------+---------+---------+
| [1,2,3, |   [7]   | [2,3,4, | [1,2,3, | [1,2,3, | [1,2,3, | [1,2,3, | [1,2,3, | [1,2,3, | 
|  5]     |         |  6]     |  4,5,6, |  4,5,6, |  4,5,6, |  4,5,6, |  4,5,6, |  4,5,6, | 
|         |         |         |  8,9]   |  8,9]   |  8,9]   |  8,9]   |  8,9]   |  8,9]   | 
+---------+---------+---------+---------+---------+---------+---------+---------+---------+
| [1,2,3, |   [8]   | [2,3,4, | [1,2,3, | [1,2,3, | [1,2,3, | [1,2,3, | [1,2,3, | [1,2,3, | 
|  5]     |         |  6]     |  4,5,6, |  4,5,6, |  4,5,6, |  4,5,6, |  4,5,6, |  4,5,6, | 
|         |         |         |  7,9]   |  7,9]   |  7,9]   |  7,9]   |  7,9]   |  7,9]   | 
+---------+---------+---------+---------+---------+---------+---------+---------+---------+
| [1,2,3, |   [9]   | [2,3,4, | [1,2,3, | [1,2,3, | [1,2,3, | [1,2,3, | [1,2,3, | [1,2,3, | 
|  5]     |         |  6]     |  4,5,6, |  4,5,6, |  4,5,6, |  4,5,6, |  4,5,6, |  4,5,6, | 
|         |         |         |  7,8]   |  7,8]   |  7,8]   |  7,8]   |  7,8]   |  7,8]   | 
+---------+---------+---------+---------+---------+---------+---------+---------+---------+

cell 6,3 has been enforced to 2.

value 2 has been removed from cell 4,1 domain because of cell 6,3 domain.
value 2 has been removed from cell 5,1 domain because of cell 6,3 domain.
value 2 has been removed from cell 7,3 domain because of cell 6,3 domain.
value 2 has been removed from cell 8,3 domain because of cell 6,3 domain.
value 2 has been removed from cell 9,3 domain because of cell 6,3 domain.
value 2 has been removed from cell 6,1 domain because of cell 6,3 domain.
value 2 has been removed from cell 6,4 domain because of cell 6,3 domain.
value 2 has been removed from cell 6,5 domain because of cell 6,3 domain.
value 2 has been removed from cell 6,6 domain because of cell 6,3 domain.
value 2 has been removed from cell 6,7 domain because of cell 6,3 domain.
value 2 has been removed from cell 6,8 domain because of cell 6,3 domain.
value 2 has been removed from cell 6,9 domain because of cell 6,3 domain.

domains after applying arc consistency are : 
+---------+---------+---------+---------+---------+---------+---------+---------+---------+
|   [4]   |   [1]   |   [5]   | [2,3,6, | [2,3,6, | [2,3,6, | [2,3,6, | [2,3,6, | [2,3,6, | 
|         |         |         |  7,8,9] |  7,8,9] |  7,8,9] |  7,8,9] |  7,8,9] |  7,8,9] | 
|         |         |         |         |         |         |         |         |         | 
+---------+---------+---------+---------+---------+---------+---------+---------+---------+
|   [6]   |   [2]   |   [7]   | [1,3,4, | [1,3,4, | [1,3,4, | [1,3,4, | [1,3,4, | [1,3,4, | 
|         |         |         |  5,8,9] |  5,8,9] |  5,8,9] |  5,8,9] |  5,8,9] |  5,8,9] | 
|         |         |         |         |         |         |         |         |         | 
+---------+---------+---------+---------+---------+---------+---------+---------+---------+
|   [8]   |   [3]   |   [9]   | [1,2,4, | [1,2,4, | [1,2,4, | [1,2,4, | [1,2,4, | [1,2,4, | 
|         |         |         |  5,6,7] |  5,6,7] |  5,6,7] |  5,6,7] |  5,6,7] |  5,6,7] | 
|         |         |         |         |         |         |         |         |         | 
+---------+---------+---------+---------+---------+---------+---------+---------+---------+
| [3,7,9] |   [4]   |   [8]   | [1,2,3, | [1,2,3, | [1,2,3, | [1,2,3, | [1,2,3, | [1,2,3, | 
|         |         |         |  5,6,7, |  5,6,7, |  5,6,7, |  5,6,7, |  5,6,7, |  5,6,7, | 
|         |         |         |  9]     |  9]     |  9]     |  9]     |  9]     |  9]     | 
+---------+---------+---------+---------+---------+---------+---------+---------+---------+
| [3,7,9] |   [5]   |   [1]   | [2,3,4, | [2,3,4, | [2,3,4, | [2,3,4, | [2,3,4, | [2,3,4, | 
|         |         |         |  6,7,8, |  6,7,8, |  6,7,8, |  6,7,8, |  6,7,8, |  6,7,8, | 
|         |         |         |  9]     |  9]     |  9]     |  9]     |  9]     |  9]     | 
+---------+---------+---------+---------+---------+---------+---------+---------+---------+
| [3,7,9] |   [6]   |   [2]   | [1,3,4, | [1,3,4, | [1,3,4, | [1,3,4, | [1,3,4, | [1,3,4, | 
|         |         |         |  5,7,8, |  5,7,8, |  5,7,8, |  5,7,8, |  5,7,8, |  5,7,8, | 
|         |         |         |  9]     |  9]     |  9]     |  9]     |  9]     |  9]     | 
+---------+---------+---------+---------+---------+---------+---------+---------+---------+
| [1,2,3, |   [7]   | [3,4,6] | [1,2,3, | [1,2,3, | [1,2,3, | [1,2,3, | [1,2,3, | [1,2,3, | 
|  5]     |         |         |  4,5,6, |  4,5,6, |  4,5,6, |  4,5,6, |  4,5,6, |  4,5,6, | 
|         |         |         |  8,9]   |  8,9]   |  8,9]   |  8,9]   |  8,9]   |  8,9]   | 
+---------+---------+---------+---------+---------+---------+---------+---------+---------+
| [1,2,3, |   [8]   | [3,4,6] | [1,2,3, | [1,2,3, | [1,2,3, | [1,2,3, | [1,2,3, | [1,2,3, | 
|  5]     |         |         |  4,5,6, |  4,5,6, |  4,5,6, |  4,5,6, |  4,5,6, |  4,5,6, | 
|         |         |         |  7,9]   |  7,9]   |  7,9]   |  7,9]   |  7,9]   |  7,9]   | 
+---------+---------+---------+---------+---------+---------+---------+---------+---------+
| [1,2,3, |   [9]   | [3,4,6] | [1,2,3, | [1,2,3, | [1,2,3, | [1,2,3, | [1,2,3, | [1,2,3, | 
|  5]     |         |         |  4,5,6, |  4,5,6, |  4,5,6, |  4,5,6, |  4,5,6, |  4,5,6, | 
|         |         |         |  7,8]   |  7,8]   |  7,8]   |  7,8]   |  7,8]   |  7,8]   | 
+---------+---------+---------+---------+---------+---------+---------+---------+---------+

cell 4,1 has been enforced to 7.

value 7 has been removed from cell 5,1 domain because of cell 4,1 domain.
value 7 has been removed from cell 6,1 domain because of cell 4,1 domain.
value 7 has been removed from cell 4,4 domain because of cell 4,1 domain.
value 7 has been removed from cell 4,5 domain because of cell 4,1 domain.
value 7 has been removed from cell 4,6 domain because of cell 4,1 domain.
value 7 has been removed from cell 4,7 domain because of cell 4,1 domain.
value 7 has been removed from cell 4,8 domain because of cell 4,1 domain.
value 7 has been removed from cell 4,9 domain because of cell 4,1 domain.

domains after applying arc consistency are : 
+---------+---------+---------+---------+---------+---------+---------+---------+---------+
|   [4]   |   [1]   |   [5]   | [2,3,6, | [2,3,6, | [2,3,6, | [2,3,6, | [2,3,6, | [2,3,6, | 
|         |         |         |  7,8,9] |  7,8,9] |  7,8,9] |  7,8,9] |  7,8,9] |  7,8,9] | 
|         |         |         |         |         |         |         |         |         | 
+---------+---------+---------+---------+---------+---------+---------+---------+---------+
|   [6]   |   [2]   |   [7]   | [1,3,4, | [1,3,4, | [1,3,4, | [1,3,4, | [1,3,4, | [1,3,4, | 
|         |         |         |  5,8,9] |  5,8,9] |  5,8,9] |  5,8,9] |  5,8,9] |  5,8,9] | 
|         |         |         |         |         |         |         |         |         | 
+---------+---------+---------+---------+---------+---------+---------+---------+---------+
|   [8]   |   [3]   |   [9]   | [1,2,4, | [1,2,4, | [1,2,4, | [1,2,4, | [1,2,4, | [1,2,4, | 
|         |         |         |  5,6,7] |  5,6,7] |  5,6,7] |  5,6,7] |  5,6,7] |  5,6,7] | 
|         |         |         |         |         |         |         |         |         | 
+---------+---------+---------+---------+---------+---------+---------+---------+---------+
|   [7]   |   [4]   |   [8]   | [1,2,3, | [1,2,3, | [1,2,3, | [1,2,3, | [1,2,3, | [1,2,3, | 
|         |         |         |  5,6,9] |  5,6,9] |  5,6,9] |  5,6,9] |  5,6,9] |  5,6,9] | 
|         |         |         |         |         |         |         |         |         | 
+---------+---------+---------+---------+---------+---------+---------+---------+---------+
|  [3,9]  |   [5]   |   [1]   | [2,3,4, | [2,3,4, | [2,3,4, | [2,3,4, | [2,3,4, | [2,3,4, | 
|         |         |         |  6,7,8, |  6,7,8, |  6,7,8, |  6,7,8, |  6,7,8, |  6,7,8, | 
|         |         |         |  9]     |  9]     |  9]     |  9]     |  9]     |  9]     | 
+---------+---------+---------+---------+---------+---------+---------+---------+---------+
|  [3,9]  |   [6]   |   [2]   | [1,3,4, | [1,3,4, | [1,3,4, | [1,3,4, | [1,3,4, | [1,3,4, | 
|         |         |         |  5,7,8, |  5,7,8, |  5,7,8, |  5,7,8, |  5,7,8, |  5,7,8, | 
|         |         |         |  9]     |  9]     |  9]     |  9]     |  9]     |  9]     | 
+---------+---------+---------+---------+---------+---------+---------+---------+---------+
| [1,2,3, |   [7]   | [3,4,6] | [1,2,3, | [1,2,3, | [1,2,3, | [1,2,3, | [1,2,3, | [1,2,3, | 
|  5]     |         |         |  4,5,6, |  4,5,6, |  4,5,6, |  4,5,6, |  4,5,6, |  4,5,6, | 
|         |         |         |  8,9]   |  8,9]   |  8,9]   |  8,9]   |  8,9]   |  8,9]   | 
+---------+---------+---------+---------+---------+---------+---------+---------+---------+
| [1,2,3, |   [8]   | [3,4,6] | [1,2,3, | [1,2,3, | [1,2,3, | [1,2,3, | [1,2,3, | [1,2,3, | 
|  5]     |         |         |  4,5,6, |  4,5,6, |  4,5,6, |  4,5,6, |  4,5,6, |  4,5,6, | 
|         |         |         |  7,9]   |  7,9]   |  7,9]   |  7,9]   |  7,9]   |  7,9]   | 
+---------+---------+---------+---------+---------+---------+---------+---------+---------+
| [1,2,3, |   [9]   | [3,4,6] | [1,2,3, | [1,2,3, | [1,2,3, | [1,2,3, | [1,2,3, | [1,2,3, | 
|  5]     |         |         |  4,5,6, |  4,5,6, |  4,5,6, |  4,5,6, |  4,5,6, |  4,5,6, | 
|         |         |         |  7,8]   |  7,8]   |  7,8]   |  7,8]   |  7,8]   |  7,8]   | 
+---------+---------+---------+---------+---------+---------+---------+---------+---------+

cell 5,1 has been enforced to 9.

value 9 has been removed from cell 6,1 domain because of cell 5,1 domain.
value 9 has been removed from cell 5,4 domain because of cell 5,1 domain.
value 9 has been removed from cell 5,5 domain because of cell 5,1 domain.
value 9 has been removed from cell 5,6 domain because of cell 5,1 domain.
value 9 has been removed from cell 5,7 domain because of cell 5,1 domain.
value 9 has been removed from cell 5,8 domain because of cell 5,1 domain.
value 9 has been removed from cell 5,9 domain because of cell 5,1 domain.
value 3 has been removed from cell 7,1 domain because of cell 6,1 domain.
value 3 has been removed from cell 8,1 domain because of cell 6,1 domain.
value 3 has been removed from cell 9,1 domain because of cell 6,1 domain.
value 3 has been removed from cell 6,4 domain because of cell 6,1 domain.
value 3 has been removed from cell 6,5 domain because of cell 6,1 domain.
value 3 has been removed from cell 6,6 domain because of cell 6,1 domain.
value 3 has been removed from cell 6,7 domain because of cell 6,1 domain.
value 3 has been removed from cell 6,8 domain because of cell 6,1 domain.
value 3 has been removed from cell 6,9 domain because of cell 6,1 domain.

domains after applying arc consistency are : 
+---------+---------+---------+---------+---------+---------+---------+---------+---------+
|   [4]   |   [1]   |   [5]   | [2,3,6, | [2,3,6, | [2,3,6, | [2,3,6, | [2,3,6, | [2,3,6, | 
|         |         |         |  7,8,9] |  7,8,9] |  7,8,9] |  7,8,9] |  7,8,9] |  7,8,9] | 
|         |         |         |         |         |         |         |         |         | 
+---------+---------+---------+---------+---------+---------+---------+---------+---------+
|   [6]   |   [2]   |   [7]   | [1,3,4, | [1,3,4, | [1,3,4, | [1,3,4, | [1,3,4, | [1,3,4, | 
|         |         |         |  5,8,9] |  5,8,9] |  5,8,9] |  5,8,9] |  5,8,9] |  5,8,9] | 
|         |         |         |         |         |         |         |         |         | 
+---------+---------+---------+---------+---------+---------+---------+---------+---------+
|   [8]   |   [3]   |   [9]   | [1,2,4, | [1,2,4, | [1,2,4, | [1,2,4, | [1,2,4, | [1,2,4, | 
|         |         |         |  5,6,7] |  5,6,7] |  5,6,7] |  5,6,7] |  5,6,7] |  5,6,7] | 
|         |         |         |         |         |         |         |         |         | 
+---------+---------+---------+---------+---------+---------+---------+---------+---------+
|   [7]   |   [4]   |   [8]   | [1,2,3, | [1,2,3, | [1,2,3, | [1,2,3, | [1,2,3, | [1,2,3, | 
|         |         |         |  5,6,9] |  5,6,9] |  5,6,9] |  5,6,9] |  5,6,9] |  5,6,9] | 
|         |         |         |         |         |         |         |         |         | 
+---------+---------+---------+---------+---------+---------+---------+---------+---------+
|   [9]   |   [5]   |   [1]   | [2,3,4, | [2,3,4, | [2,3,4, | [2,3,4, | [2,3,4, | [2,3,4, | 
|         |         |         |  6,7,8] |  6,7,8] |  6,7,8] |  6,7,8] |  6,7,8] |  6,7,8] | 
|         |         |         |         |         |         |         |         |         | 
+---------+---------+---------+---------+---------+---------+---------+---------+---------+
|   [3]   |   [6]   |   [2]   | [1,4,5, | [1,4,5, | [1,4,5, | [1,4,5, | [1,4,5, | [1,4,5, | 
|         |         |         |  7,8,9] |  7,8,9] |  7,8,9] |  7,8,9] |  7,8,9] |  7,8,9] | 
|         |         |         |         |         |         |         |         |         | 
+---------+---------+---------+---------+---------+---------+---------+---------+---------+
| [1,2,5] |   [7]   | [3,4,6] | [1,2,3, | [1,2,3, | [1,2,3, | [1,2,3, | [1,2,3, | [1,2,3, | 
|         |         |         |  4,5,6, |  4,5,6, |  4,5,6, |  4,5,6, |  4,5,6, |  4,5,6, | 
|         |         |         |  8,9]   |  8,9]   |  8,9]   |  8,9]   |  8,9]   |  8,9]   | 
+---------+---------+---------+---------+---------+---------+---------+---------+---------+
| [1,2,5] |   [8]   | [3,4,6] | [1,2,3, | [1,2,3, | [1,2,3, | [1,2,3, | [1,2,3, | [1,2,3, | 
|         |         |         |  4,5,6, |  4,5,6, |  4,5,6, |  4,5,6, |  4,5,6, |  4,5,6, | 
|         |         |         |  7,9]   |  7,9]   |  7,9]   |  7,9]   |  7,9]   |  7,9]   | 
+---------+---------+---------+---------+---------+---------+---------+---------+---------+
| [1,2,5] |   [9]   | [3,4,6] | [1,2,3, | [1,2,3, | [1,2,3, | [1,2,3, | [1,2,3, | [1,2,3, | 
|         |         |         |  4,5,6, |  4,5,6, |  4,5,6, |  4,5,6, |  4,5,6, |  4,5,6, | 
|         |         |         |  7,8]   |  7,8]   |  7,8]   |  7,8]   |  7,8]   |  7,8]   | 
+---------+---------+---------+---------+---------+---------+---------+---------+---------+

cell 7,1 has been enforced to 1.

value 1 has been removed from cell 8,1 domain because of cell 7,1 domain.
value 1 has been removed from cell 9,1 domain because of cell 7,1 domain.
value 1 has been removed from cell 7,4 domain because of cell 7,1 domain.
value 1 has been removed from cell 7,5 domain because of cell 7,1 domain.
value 1 has been removed from cell 7,6 domain because of cell 7,1 domain.
value 1 has been removed from cell 7,7 domain because of cell 7,1 domain.
value 1 has been removed from cell 7,8 domain because of cell 7,1 domain.
value 1 has been removed from cell 7,9 domain because of cell 7,1 domain.

domains after applying arc consistency are : 
+---------+---------+---------+---------+---------+---------+---------+---------+---------+
|   [4]   |   [1]   |   [5]   | [2,3,6, | [2,3,6, | [2,3,6, | [2,3,6, | [2,3,6, | [2,3,6, | 
|         |         |         |  7,8,9] |  7,8,9] |  7,8,9] |  7,8,9] |  7,8,9] |  7,8,9] | 
|         |         |         |         |         |         |         |         |         | 
+---------+---------+---------+---------+---------+---------+---------+---------+---------+
|   [6]   |   [2]   |   [7]   | [1,3,4, | [1,3,4, | [1,3,4, | [1,3,4, | [1,3,4, | [1,3,4, | 
|         |         |         |  5,8,9] |  5,8,9] |  5,8,9] |  5,8,9] |  5,8,9] |  5,8,9] | 
|         |         |         |         |         |         |         |         |         | 
+---------+---------+---------+---------+---------+---------+---------+---------+---------+
|   [8]   |   [3]   |   [9]   | [1,2,4, | [1,2,4, | [1,2,4, | [1,2,4, | [1,2,4, | [1,2,4, | 
|         |         |         |  5,6,7] |  5,6,7] |  5,6,7] |  5,6,7] |  5,6,7] |  5,6,7] | 
|         |         |         |         |         |         |         |         |         | 
+---------+---------+---------+---------+---------+---------+---------+---------+---------+
|   [7]   |   [4]   |   [8]   | [1,2,3, | [1,2,3, | [1,2,3, | [1,2,3, | [1,2,3, | [1,2,3, | 
|         |         |         |  5,6,9] |  5,6,9] |  5,6,9] |  5,6,9] |  5,6,9] |  5,6,9] | 
|         |         |         |         |         |         |         |         |         | 
+---------+---------+---------+---------+---------+---------+---------+---------+---------+
|   [9]   |   [5]   |   [1]   | [2,3,4, | [2,3,4, | [2,3,4, | [2,3,4, | [2,3,4, | [2,3,4, | 
|         |         |         |  6,7,8] |  6,7,8] |  6,7,8] |  6,7,8] |  6,7,8] |  6,7,8] | 
|         |         |         |         |         |         |         |         |         | 
+---------+---------+---------+---------+---------+---------+---------+---------+---------+
|   [3]   |   [6]   |   [2]   | [1,4,5, | [1,4,5, | [1,4,5, | [1,4,5, | [1,4,5, | [1,4,5, | 
|         |         |         |  7,8,9] |  7,8,9] |  7,8,9] |  7,8,9] |  7,8,9] |  7,8,9] | 
|         |         |         |         |         |         |         |         |         | 
+---------+---------+---------+---------+---------+---------+---------+---------+---------+
|   [1]   |   [7]   | [3,4,6] | [2,3,4, | [2,3,4, | [2,3,4, | [2,3,4, | [2,3,4, | [2,3,4, | 
|         |         |         |  5,6,8, |  5,6,8, |  5,6,8, |  5,6,8, |  5,6,8, |  5,6,8, | 
|         |         |         |  9]     |  9]     |  9]     |  9]     |  9]     |  9]     | 
+---------+---------+---------+---------+---------+---------+---------+---------+---------+
|  [2,5]  |   [8]   | [3,4,6] | [1,2,3, | [1,2,3, | [1,2,3, | [1,2,3, | [1,2,3, | [1,2,3, | 
|         |         |         |  4,5,6, |  4,5,6, |  4,5,6, |  4,5,6, |  4,5,6, |  4,5,6, | 
|         |         |         |  7,9]   |  7,9]   |  7,9]   |  7,9]   |  7,9]   |  7,9]   | 
+---------+---------+---------+---------+---------+---------+---------+---------+---------+
|  [2,5]  |   [9]   | [3,4,6] | [1,2,3, | [1,2,3, | [1,2,3, | [1,2,3, | [1,2,3, | [1,2,3, | 
|         |         |         |  4,5,6, |  4,5,6, |  4,5,6, |  4,5,6, |  4,5,6, |  4,5,6, | 
|         |         |         |  7,8]   |  7,8]   |  7,8]   |  7,8]   |  7,8]   |  7,8]   | 
+---------+---------+---------+---------+---------+---------+---------+---------+---------+

cell 8,1 has been enforced to 2.

value 2 has been removed from cell 9,1 domain because of cell 8,1 domain.
value 2 has been removed from cell 8,4 domain because of cell 8,1 domain.
value 2 has been removed from cell 8,5 domain because of cell 8,1 domain.
value 2 has been removed from cell 8,6 domain because of cell 8,1 domain.
value 2 has been removed from cell 8,7 domain because of cell 8,1 domain.
value 2 has been removed from cell 8,8 domain because of cell 8,1 domain.
value 2 has been removed from cell 8,9 domain because of cell 8,1 domain.
value 5 has been removed from cell 9,4 domain because of cell 9,1 domain.
value 5 has been removed from cell 9,5 domain because of cell 9,1 domain.
value 5 has been removed from cell 9,6 domain because of cell 9,1 domain.
value 5 has been removed from cell 9,7 domain because of cell 9,1 domain.
value 5 has been removed from cell 9,8 domain because of cell 9,1 domain.
value 5 has been removed from cell 9,9 domain because of cell 9,1 domain.

domains after applying arc consistency are : 
+---------+---------+---------+---------+---------+---------+---------+---------+---------+
|   [4]   |   [1]   |   [5]   | [2,3,6, | [2,3,6, | [2,3,6, | [2,3,6, | [2,3,6, | [2,3,6, | 
|         |         |         |  7,8,9] |  7,8,9] |  7,8,9] |  7,8,9] |  7,8,9] |  7,8,9] | 
|         |         |         |         |         |         |         |         |         | 
+---------+---------+---------+---------+---------+---------+---------+---------+---------+
|   [6]   |   [2]   |   [7]   | [1,3,4, | [1,3,4, | [1,3,4, | [1,3,4, | [1,3,4, | [1,3,4, | 
|         |         |         |  5,8,9] |  5,8,9] |  5,8,9] |  5,8,9] |  5,8,9] |  5,8,9] | 
|         |         |         |         |         |         |         |         |         | 
+---------+---------+---------+---------+---------+---------+---------+---------+---------+
|   [8]   |   [3]   |   [9]   | [1,2,4, | [1,2,4, | [1,2,4, | [1,2,4, | [1,2,4, | [1,2,4, | 
|         |         |         |  5,6,7] |  5,6,7] |  5,6,7] |  5,6,7] |  5,6,7] |  5,6,7] | 
|         |         |         |         |         |         |         |         |         | 
+---------+---------+---------+---------+---------+---------+---------+---------+---------+
|   [7]   |   [4]   |   [8]   | [1,2,3, | [1,2,3, | [1,2,3, | [1,2,3, | [1,2,3, | [1,2,3, | 
|         |         |         |  5,6,9] |  5,6,9] |  5,6,9] |  5,6,9] |  5,6,9] |  5,6,9] | 
|         |         |         |         |         |         |         |         |         | 
+---------+---------+---------+---------+---------+---------+---------+---------+---------+
|   [9]   |   [5]   |   [1]   | [2,3,4, | [2,3,4, | [2,3,4, | [2,3,4, | [2,3,4, | [2,3,4, | 
|         |         |         |  6,7,8] |  6,7,8] |  6,7,8] |  6,7,8] |  6,7,8] |  6,7,8] | 
|         |         |         |         |         |         |         |         |         | 
+---------+---------+---------+---------+---------+---------+---------+---------+---------+
|   [3]   |   [6]   |   [2]   | [1,4,5, | [1,4,5, | [1,4,5, | [1,4,5, | [1,4,5, | [1,4,5, | 
|         |         |         |  7,8,9] |  7,8,9] |  7,8,9] |  7,8,9] |  7,8,9] |  7,8,9] | 
|         |         |         |         |         |         |         |         |         | 
+---------+---------+---------+---------+---------+---------+---------+---------+---------+
|   [1]   |   [7]   | [3,4,6] | [2,3,4, | [2,3,4, | [2,3,4, | [2,3,4, | [2,3,4, | [2,3,4, | 
|         |         |         |  5,6,8, |  5,6,8, |  5,6,8, |  5,6,8, |  5,6,8, |  5,6,8, | 
|         |         |         |  9]     |  9]     |  9]     |  9]     |  9]     |  9]     | 
+---------+---------+---------+---------+---------+---------+---------+---------+---------+
|   [2]   |   [8]   | [3,4,6] | [1,3,4, | [1,3,4, | [1,3,4, | [1,3,4, | [1,3,4, | [1,3,4, | 
|         |         |         |  5,6,7, |  5,6,7, |  5,6,7, |  5,6,7, |  5,6,7, |  5,6,7, | 
|         |         |         |  9]     |  9]     |  9]     |  9]     |  9]     |  9]     | 
+---------+---------+---------+---------+---------+---------+---------+---------+---------+
|   [5]   |   [9]   | [3,4,6] | [1,2,3, | [1,2,3, | [1,2,3, | [1,2,3, | [1,2,3, | [1,2,3, | 
|         |         |         |  4,6,7, |  4,6,7, |  4,6,7, |  4,6,7, |  4,6,7, |  4,6,7, | 
|         |         |         |  8]     |  8]     |  8]     |  8]     |  8]     |  8]     | 
+---------+---------+---------+---------+---------+---------+---------+---------+---------+

cell 7,3 has been enforced to 3.

value 3 has been removed from cell 8,3 domain because of cell 7,3 domain.
value 3 has been removed from cell 9,3 domain because of cell 7,3 domain.
value 3 has been removed from cell 7,4 domain because of cell 7,3 domain.
value 3 has been removed from cell 7,5 domain because of cell 7,3 domain.
value 3 has been removed from cell 7,6 domain because of cell 7,3 domain.
value 3 has been removed from cell 7,7 domain because of cell 7,3 domain.
value 3 has been removed from cell 7,8 domain because of cell 7,3 domain.
value 3 has been removed from cell 7,9 domain because of cell 7,3 domain.

domains after applying arc consistency are : 
+---------+---------+---------+---------+---------+---------+---------+---------+---------+
|   [4]   |   [1]   |   [5]   | [2,3,6, | [2,3,6, | [2,3,6, | [2,3,6, | [2,3,6, | [2,3,6, | 
|         |         |         |  7,8,9] |  7,8,9] |  7,8,9] |  7,8,9] |  7,8,9] |  7,8,9] | 
|         |         |         |         |         |         |         |         |         | 
+---------+---------+---------+---------+---------+---------+---------+---------+---------+
|   [6]   |   [2]   |   [7]   | [1,3,4, | [1,3,4, | [1,3,4, | [1,3,4, | [1,3,4, | [1,3,4, | 
|         |         |         |  5,8,9] |  5,8,9] |  5,8,9] |  5,8,9] |  5,8,9] |  5,8,9] | 
|         |         |         |         |         |         |         |         |         | 
+---------+---------+---------+---------+---------+---------+---------+---------+---------+
|   [8]   |   [3]   |   [9]   | [1,2,4, | [1,2,4, | [1,2,4, | [1,2,4, | [1,2,4, | [1,2,4, | 
|         |         |         |  5,6,7] |  5,6,7] |  5,6,7] |  5,6,7] |  5,6,7] |  5,6,7] | 
|         |         |         |         |         |         |         |         |         | 
+---------+---------+---------+---------+---------+---------+---------+---------+---------+
|   [7]   |   [4]   |   [8]   | [1,2,3, | [1,2,3, | [1,2,3, | [1,2,3, | [1,2,3, | [1,2,3, | 
|         |         |         |  5,6,9] |  5,6,9] |  5,6,9] |  5,6,9] |  5,6,9] |  5,6,9] | 
|         |         |         |         |         |         |         |         |         | 
+---------+---------+---------+---------+---------+---------+---------+---------+---------+
|   [9]   |   [5]   |   [1]   | [2,3,4, | [2,3,4, | [2,3,4, | [2,3,4, | [2,3,4, | [2,3,4, | 
|         |         |         |  6,7,8] |  6,7,8] |  6,7,8] |  6,7,8] |  6,7,8] |  6,7,8] | 
|         |         |         |         |         |         |         |         |         | 
+---------+---------+---------+---------+---------+---------+---------+---------+---------+
|   [3]   |   [6]   |   [2]   | [1,4,5, | [1,4,5, | [1,4,5, | [1,4,5, | [1,4,5, | [1,4,5, | 
|         |         |         |  7,8,9] |  7,8,9] |  7,8,9] |  7,8,9] |  7,8,9] |  7,8,9] | 
|         |         |         |         |         |         |         |         |         | 
+---------+---------+---------+---------+---------+---------+---------+---------+---------+
|   [1]   |   [7]   |   [3]   | [2,4,5, | [2,4,5, | [2,4,5, | [2,4,5, | [2,4,5, | [2,4,5, | 
|         |         |         |  6,8,9] |  6,8,9] |  6,8,9] |  6,8,9] |  6,8,9] |  6,8,9] | 
|         |         |         |         |         |         |         |         |         | 
+---------+---------+---------+---------+---------+---------+---------+---------+---------+
|   [2]   |   [8]   |  [4,6]  | [1,3,4, | [1,3,4, | [1,3,4, | [1,3,4, | [1,3,4, | [1,3,4, | 
|         |         |         |  5,6,7, |  5,6,7, |  5,6,7, |  5,6,7, |  5,6,7, |  5,6,7, | 
|         |         |         |  9]     |  9]     |  9]     |  9]     |  9]     |  9]     | 
+---------+---------+---------+---------+---------+---------+---------+---------+---------+
|   [5]   |   [9]   |  [4,6]  | [1,2,3, | [1,2,3, | [1,2,3, | [1,2,3, | [1,2,3, | [1,2,3, | 
|         |         |         |  4,6,7, |  4,6,7, |  4,6,7, |  4,6,7, |  4,6,7, |  4,6,7, | 
|         |         |         |  8]     |  8]     |  8]     |  8]     |  8]     |  8]     | 
+---------+---------+---------+---------+---------+---------+---------+---------+---------+

cell 8,3 has been enforced to 4.

value 4 has been removed from cell 9,3 domain because of cell 8,3 domain.
value 4 has been removed from cell 8,4 domain because of cell 8,3 domain.
value 4 has been removed from cell 8,5 domain because of cell 8,3 domain.
value 4 has been removed from cell 8,6 domain because of cell 8,3 domain.
value 4 has been removed from cell 8,7 domain because of cell 8,3 domain.
value 4 has been removed from cell 8,8 domain because of cell 8,3 domain.
value 4 has been removed from cell 8,9 domain because of cell 8,3 domain.
value 6 has been removed from cell 9,4 domain because of cell 9,3 domain.
value 6 has been removed from cell 9,5 domain because of cell 9,3 domain.
value 6 has been removed from cell 9,6 domain because of cell 9,3 domain.
value 6 has been removed from cell 9,7 domain because of cell 9,3 domain.
value 6 has been removed from cell 9,8 domain because of cell 9,3 domain.
value 6 has been removed from cell 9,9 domain because of cell 9,3 domain.

domains after applying arc consistency are : 
+---------+---------+---------+---------+---------+---------+---------+---------+---------+
|   [4]   |   [1]   |   [5]   | [2,3,6, | [2,3,6, | [2,3,6, | [2,3,6, | [2,3,6, | [2,3,6, | 
|         |         |         |  7,8,9] |  7,8,9] |  7,8,9] |  7,8,9] |  7,8,9] |  7,8,9] | 
|         |         |         |         |         |         |         |         |         | 
+---------+---------+---------+---------+---------+---------+---------+---------+---------+
|   [6]   |   [2]   |   [7]   | [1,3,4, | [1,3,4, | [1,3,4, | [1,3,4, | [1,3,4, | [1,3,4, | 
|         |         |         |  5,8,9] |  5,8,9] |  5,8,9] |  5,8,9] |  5,8,9] |  5,8,9] | 
|         |         |         |         |         |         |         |         |         | 
+---------+---------+---------+---------+---------+---------+---------+---------+---------+
|   [8]   |   [3]   |   [9]   | [1,2,4, | [1,2,4, | [1,2,4, | [1,2,4, | [1,2,4, | [1,2,4, | 
|         |         |         |  5,6,7] |  5,6,7] |  5,6,7] |  5,6,7] |  5,6,7] |  5,6,7] | 
|         |         |         |         |         |         |         |         |         | 
+---------+---------+---------+---------+---------+---------+---------+---------+---------+
|   [7]   |   [4]   |   [8]   | [1,2,3, | [1,2,3, | [1,2,3, | [1,2,3, | [1,2,3, | [1,2,3, | 
|         |         |         |  5,6,9] |  5,6,9] |  5,6,9] |  5,6,9] |  5,6,9] |  5,6,9] | 
|         |         |         |         |         |         |         |         |         | 
+---------+---------+---------+---------+---------+---------+---------+---------+---------+
|   [9]   |   [5]   |   [1]   | [2,3,4, | [2,3,4, | [2,3,4, | [2,3,4, | [2,3,4, | [2,3,4, | 
|         |         |         |  6,7,8] |  6,7,8] |  6,7,8] |  6,7,8] |  6,7,8] |  6,7,8] | 
|         |         |         |         |         |         |         |         |         | 
+---------+---------+---------+---------+---------+---------+---------+---------+---------+
|   [3]   |   [6]   |   [2]   | [1,4,5, | [1,4,5, | [1,4,5, | [1,4,5, | [1,4,5, | [1,4,5, | 
|         |         |         |  7,8,9] |  7,8,9] |  7,8,9] |  7,8,9] |  7,8,9] |  7,8,9] | 
|         |         |         |         |         |         |         |         |         | 
+---------+---------+---------+---------+---------+---------+---------+---------+---------+
|   [1]   |   [7]   |   [3]   | [2,4,5, | [2,4,5, | [2,4,5, | [2,4,5, | [2,4,5, | [2,4,5, | 
|         |         |         |  6,8,9] |  6,8,9] |  6,8,9] |  6,8,9] |  6,8,9] |  6,8,9] | 
|         |         |         |         |         |         |         |         |         | 
+---------+---------+---------+---------+---------+---------+---------+---------+---------+
|   [2]   |   [8]   |   [4]   | [1,3,5, | [1,3,5, | [1,3,5, | [1,3,5, | [1,3,5, | [1,3,5, | 
|         |         |         |  6,7,9] |  6,7,9] |  6,7,9] |  6,7,9] |  6,7,9] |  6,7,9] | 
|         |         |         |         |         |         |         |         |         | 
+---------+---------+---------+---------+---------+---------+---------+---------+---------+
|   [5]   |   [9]   |   [6]   | [1,2,3, | [1,2,3, | [1,2,3, | [1,2,3, | [1,2,3, | [1,2,3, | 
|         |         |         |  4,7,8] |  4,7,8] |  4,7,8] |  4,7,8] |  4,7,8] |  4,7,8] | 
|         |         |         |         |         |         |         |         |         | 
+---------+---------+---------+---------+---------+---------+---------+---------+---------+

cell 1,4 has been enforced to 2.

value 2 has been removed from cell 3,5 domain because of cell 1,4 domain.
value 2 has been removed from cell 3,6 domain because of cell 1,4 domain.
value 2 has been removed from cell 3,4 domain because of cell 1,4 domain.
value 2 has been removed from cell 4,4 domain because of cell 1,4 domain.
value 2 has been removed from cell 5,4 domain because of cell 1,4 domain.
value 2 has been removed from cell 7,4 domain because of cell 1,4 domain.
value 2 has been removed from cell 9,4 domain because of cell 1,4 domain.
value 2 has been removed from cell 1,5 domain because of cell 1,4 domain.
value 2 has been removed from cell 1,6 domain because of cell 1,4 domain.
value 2 has been removed from cell 1,7 domain because of cell 1,4 domain.
value 2 has been removed from cell 1,8 domain because of cell 1,4 domain.
value 2 has been removed from cell 1,9 domain because of cell 1,4 domain.

domains after applying arc consistency are : 
+---------+---------+---------+---------+---------+---------+---------+---------+---------+
|   [4]   |   [1]   |   [5]   |   [2]   | [3,6,7, | [3,6,7, | [3,6,7, | [3,6,7, | [3,6,7, | 
|         |         |         |         |  8,9]   |  8,9]   |  8,9]   |  8,9]   |  8,9]   | 
|         |         |         |         |         |         |         |         |         | 
+---------+---------+---------+---------+---------+---------+---------+---------+---------+
|   [6]   |   [2]   |   [7]   | [1,3,4, | [1,3,4, | [1,3,4, | [1,3,4, | [1,3,4, | [1,3,4, | 
|         |         |         |  5,8,9] |  5,8,9] |  5,8,9] |  5,8,9] |  5,8,9] |  5,8,9] | 
|         |         |         |         |         |         |         |         |         | 
+---------+---------+---------+---------+---------+---------+---------+---------+---------+
|   [8]   |   [3]   |   [9]   | [1,4,5, | [1,4,5, | [1,4,5, | [1,2,4, | [1,2,4, | [1,2,4, | 
|         |         |         |  6,7]   |  6,7]   |  6,7]   |  5,6,7] |  5,6,7] |  5,6,7] | 
|         |         |         |         |         |         |         |         |         | 
+---------+---------+---------+---------+---------+---------+---------+---------+---------+
|   [7]   |   [4]   |   [8]   | [1,3,5, | [1,2,3, | [1,2,3, | [1,2,3, | [1,2,3, | [1,2,3, | 
|         |         |         |  6,9]   |  5,6,9] |  5,6,9] |  5,6,9] |  5,6,9] |  5,6,9] | 
|         |         |         |         |         |         |         |         |         | 
+---------+---------+---------+---------+---------+---------+---------+---------+---------+
|   [9]   |   [5]   |   [1]   | [3,4,6, | [2,3,4, | [2,3,4, | [2,3,4, | [2,3,4, | [2,3,4, | 
|         |         |         |  7,8]   |  6,7,8] |  6,7,8] |  6,7,8] |  6,7,8] |  6,7,8] | 
|         |         |         |         |         |         |         |         |         | 
+---------+---------+---------+---------+---------+---------+---------+---------+---------+
|   [3]   |   [6]   |   [2]   | [1,4,5, | [1,4,5, | [1,4,5, | [1,4,5, | [1,4,5, | [1,4,5, | 
|         |         |         |  7,8,9] |  7,8,9] |  7,8,9] |  7,8,9] |  7,8,9] |  7,8,9] | 
|         |         |         |         |         |         |         |         |         | 
+---------+---------+---------+---------+---------+---------+---------+---------+---------+
|   [1]   |   [7]   |   [3]   | [4,5,6, | [2,4,5, | [2,4,5, | [2,4,5, | [2,4,5, | [2,4,5, | 
|         |         |         |  8,9]   |  6,8,9] |  6,8,9] |  6,8,9] |  6,8,9] |  6,8,9] | 
|         |         |         |         |         |         |         |         |         | 
+---------+---------+---------+---------+---------+---------+---------+---------+---------+
|   [2]   |   [8]   |   [4]   | [1,3,5, | [1,3,5, | [1,3,5, | [1,3,5, | [1,3,5, | [1,3,5, | 
|         |         |         |  6,7,9] |  6,7,9] |  6,7,9] |  6,7,9] |  6,7,9] |  6,7,9] | 
|         |         |         |         |         |         |         |         |         | 
+---------+---------+---------+---------+---------+---------+---------+---------+---------+
|   [5]   |   [9]   |   [6]   | [1,3,4, | [1,2,3, | [1,2,3, | [1,2,3, | [1,2,3, | [1,2,3, | 
|         |         |         |  7,8]   |  4,7,8] |  4,7,8] |  4,7,8] |  4,7,8] |  4,7,8] | 
|         |         |         |         |         |         |         |         |         | 
+---------+---------+---------+---------+---------+---------+---------+---------+---------+

cell 1,5 has been enforced to 3.

value 3 has been removed from cell 2,4 domain because of cell 1,5 domain.
value 3 has been removed from cell 2,6 domain because of cell 1,5 domain.
value 3 has been removed from cell 2,5 domain because of cell 1,5 domain.
value 3 has been removed from cell 4,5 domain because of cell 1,5 domain.
value 3 has been removed from cell 5,5 domain because of cell 1,5 domain.
value 3 has been removed from cell 8,5 domain because of cell 1,5 domain.
value 3 has been removed from cell 9,5 domain because of cell 1,5 domain.
value 3 has been removed from cell 1,6 domain because of cell 1,5 domain.
value 3 has been removed from cell 1,7 domain because of cell 1,5 domain.
value 3 has been removed from cell 1,8 domain because of cell 1,5 domain.
value 3 has been removed from cell 1,9 domain because of cell 1,5 domain.

domains after applying arc consistency are : 
+---------+---------+---------+---------+---------+---------+---------+---------+---------+
|   [4]   |   [1]   |   [5]   |   [2]   |   [3]   | [6,7,8, | [6,7,8, | [6,7,8, | [6,7,8, | 
|         |         |         |         |         |  9]     |  9]     |  9]     |  9]     | 
|         |         |         |         |         |         |         |         |         | 
+---------+---------+---------+---------+---------+---------+---------+---------+---------+
|   [6]   |   [2]   |   [7]   | [1,4,5, | [1,4,5, | [1,4,5, | [1,3,4, | [1,3,4, | [1,3,4, | 
|         |         |         |  8,9]   |  8,9]   |  8,9]   |  5,8,9] |  5,8,9] |  5,8,9] | 
|         |         |         |         |         |         |         |         |         | 
+---------+---------+---------+---------+---------+---------+---------+---------+---------+
|   [8]   |   [3]   |   [9]   | [1,4,5, | [1,4,5, | [1,4,5, | [1,2,4, | [1,2,4, | [1,2,4, | 
|         |         |         |  6,7]   |  6,7]   |  6,7]   |  5,6,7] |  5,6,7] |  5,6,7] | 
|         |         |         |         |         |         |         |         |         | 
+---------+---------+---------+---------+---------+---------+---------+---------+---------+
|   [7]   |   [4]   |   [8]   | [1,3,5, | [1,2,5, | [1,2,3, | [1,2,3, | [1,2,3, | [1,2,3, | 
|         |         |         |  6,9]   |  6,9]   |  5,6,9] |  5,6,9] |  5,6,9] |  5,6,9] | 
|         |         |         |         |         |         |         |         |         | 
+---------+---------+---------+---------+---------+---------+---------+---------+---------+
|   [9]   |   [5]   |   [1]   | [3,4,6, | [2,4,6, | [2,3,4, | [2,3,4, | [2,3,4, | [2,3,4, | 
|         |         |         |  7,8]   |  7,8]   |  6,7,8] |  6,7,8] |  6,7,8] |  6,7,8] | 
|         |         |         |         |         |         |         |         |         | 
+---------+---------+---------+---------+---------+---------+---------+---------+---------+
|   [3]   |   [6]   |   [2]   | [1,4,5, | [1,4,5, | [1,4,5, | [1,4,5, | [1,4,5, | [1,4,5, | 
|         |         |         |  7,8,9] |  7,8,9] |  7,8,9] |  7,8,9] |  7,8,9] |  7,8,9] | 
|         |         |         |         |         |         |         |         |         | 
+---------+---------+---------+---------+---------+---------+---------+---------+---------+
|   [1]   |   [7]   |   [3]   | [4,5,6, | [2,4,5, | [2,4,5, | [2,4,5, | [2,4,5, | [2,4,5, | 
|         |         |         |  8,9]   |  6,8,9] |  6,8,9] |  6,8,9] |  6,8,9] |  6,8,9] | 
|         |         |         |         |         |         |         |         |         | 
+---------+---------+---------+---------+---------+---------+---------+---------+---------+
|   [2]   |   [8]   |   [4]   | [1,3,5, | [1,5,6, | [1,3,5, | [1,3,5, | [1,3,5, | [1,3,5, | 
|         |         |         |  6,7,9] |  7,9]   |  6,7,9] |  6,7,9] |  6,7,9] |  6,7,9] | 
|         |         |         |         |         |         |         |         |         | 
+---------+---------+---------+---------+---------+---------+---------+---------+---------+
|   [5]   |   [9]   |   [6]   | [1,3,4, | [1,2,4, | [1,2,3, | [1,2,3, | [1,2,3, | [1,2,3, | 
|         |         |         |  7,8]   |  7,8]   |  4,7,8] |  4,7,8] |  4,7,8] |  4,7,8] | 
|         |         |         |         |         |         |         |         |         | 
+---------+---------+---------+---------+---------+---------+---------+---------+---------+

cell 1,6 has been enforced to 6.

value 6 has been removed from cell 3,4 domain because of cell 1,6 domain.
value 6 has been removed from cell 3,5 domain because of cell 1,6 domain.
value 6 has been removed from cell 3,6 domain because of cell 1,6 domain.
value 6 has been removed from cell 4,6 domain because of cell 1,6 domain.
value 6 has been removed from cell 5,6 domain because of cell 1,6 domain.
value 6 has been removed from cell 7,6 domain because of cell 1,6 domain.
value 6 has been removed from cell 8,6 domain because of cell 1,6 domain.
value 6 has been removed from cell 1,7 domain because of cell 1,6 domain.
value 6 has been removed from cell 1,8 domain because of cell 1,6 domain.
value 6 has been removed from cell 1,9 domain because of cell 1,6 domain.

domains after applying arc consistency are : 
+---------+---------+---------+---------+---------+---------+---------+---------+---------+
|   [4]   |   [1]   |   [5]   |   [2]   |   [3]   |   [6]   | [7,8,9] | [7,8,9] | [7,8,9] | 
|         |         |         |         |         |         |         |         |         | 
|         |         |         |         |         |         |         |         |         | 
+---------+---------+---------+---------+---------+---------+---------+---------+---------+
|   [6]   |   [2]   |   [7]   | [1,4,5, | [1,4,5, | [1,4,5, | [1,3,4, | [1,3,4, | [1,3,4, | 
|         |         |         |  8,9]   |  8,9]   |  8,9]   |  5,8,9] |  5,8,9] |  5,8,9] | 
|         |         |         |         |         |         |         |         |         | 
+---------+---------+---------+---------+---------+---------+---------+---------+---------+
|   [8]   |   [3]   |   [9]   | [1,4,5, | [1,4,5, | [1,4,5, | [1,2,4, | [1,2,4, | [1,2,4, | 
|         |         |         |  7]     |  7]     |  7]     |  5,6,7] |  5,6,7] |  5,6,7] | 
|         |         |         |         |         |         |         |         |         | 
+---------+---------+---------+---------+---------+---------+---------+---------+---------+
|   [7]   |   [4]   |   [8]   | [1,3,5, | [1,2,5, | [1,2,3, | [1,2,3, | [1,2,3, | [1,2,3, | 
|         |         |         |  6,9]   |  6,9]   |  5,9]   |  5,6,9] |  5,6,9] |  5,6,9] | 
|         |         |         |         |         |         |         |         |         | 
+---------+---------+---------+---------+---------+---------+---------+---------+---------+
|   [9]   |   [5]   |   [1]   | [3,4,6, | [2,4,6, | [2,3,4, | [2,3,4, | [2,3,4, | [2,3,4, | 
|         |         |         |  7,8]   |  7,8]   |  7,8]   |  6,7,8] |  6,7,8] |  6,7,8] | 
|         |         |         |         |         |         |         |         |         | 
+---------+---------+---------+---------+---------+---------+---------+---------+---------+
|   [3]   |   [6]   |   [2]   | [1,4,5, | [1,4,5, | [1,4,5, | [1,4,5, | [1,4,5, | [1,4,5, | 
|         |         |         |  7,8,9] |  7,8,9] |  7,8,9] |  7,8,9] |  7,8,9] |  7,8,9] | 
|         |         |         |         |         |         |         |         |         | 
+---------+---------+---------+---------+---------+---------+---------+---------+---------+
|   [1]   |   [7]   |   [3]   | [4,5,6, | [2,4,5, | [2,4,5, | [2,4,5, | [2,4,5, | [2,4,5, | 
|         |         |         |  8,9]   |  6,8,9] |  8,9]   |  6,8,9] |  6,8,9] |  6,8,9] | 
|         |         |         |         |         |         |         |         |         | 
+---------+---------+---------+---------+---------+---------+---------+---------+---------+
|   [2]   |   [8]   |   [4]   | [1,3,5, | [1,5,6, | [1,3,5, | [1,3,5, | [1,3,5, | [1,3,5, | 
|         |         |         |  6,7,9] |  7,9]   |  7,9]   |  6,7,9] |  6,7,9] |  6,7,9] | 
|         |         |         |         |         |         |         |         |         | 
+---------+---------+---------+---------+---------+---------+---------+---------+---------+
|   [5]   |   [9]   |   [6]   | [1,3,4, | [1,2,4, | [1,2,3, | [1,2,3, | [1,2,3, | [1,2,3, | 
|         |         |         |  7,8]   |  7,8]   |  4,7,8] |  4,7,8] |  4,7,8] |  4,7,8] | 
|         |         |         |         |         |         |         |         |         | 
+---------+---------+---------+---------+---------+---------+---------+---------+---------+

cell 1,7 has been enforced to 7.

value 7 has been removed from cell 3,8 domain because of cell 1,7 domain.
value 7 has been removed from cell 3,9 domain because of cell 1,7 domain.
value 7 has been removed from cell 3,7 domain because of cell 1,7 domain.
value 7 has been removed from cell 5,7 domain because of cell 1,7 domain.
value 7 has been removed from cell 6,7 domain because of cell 1,7 domain.
value 7 has been removed from cell 8,7 domain because of cell 1,7 domain.
value 7 has been removed from cell 9,7 domain because of cell 1,7 domain.
value 7 has been removed from cell 1,8 domain because of cell 1,7 domain.
value 7 has been removed from cell 1,9 domain because of cell 1,7 domain.

domains after applying arc consistency are : 
+---------+---------+---------+---------+---------+---------+---------+---------+---------+
|   [4]   |   [1]   |   [5]   |   [2]   |   [3]   |   [6]   |   [7]   |  [8,9]  |  [8,9]  | 
|         |         |         |         |         |         |         |         |         | 
|         |         |         |         |         |         |         |         |         | 
+---------+---------+---------+---------+---------+---------+---------+---------+---------+
|   [6]   |   [2]   |   [7]   | [1,4,5, | [1,4,5, | [1,4,5, | [1,3,4, | [1,3,4, | [1,3,4, | 
|         |         |         |  8,9]   |  8,9]   |  8,9]   |  5,8,9] |  5,8,9] |  5,8,9] | 
|         |         |         |         |         |         |         |         |         | 
+---------+---------+---------+---------+---------+---------+---------+---------+---------+
|   [8]   |   [3]   |   [9]   | [1,4,5, | [1,4,5, | [1,4,5, | [1,2,4, | [1,2,4, | [1,2,4, | 
|         |         |         |  7]     |  7]     |  7]     |  5,6]   |  5,6]   |  5,6]   | 
|         |         |         |         |         |         |         |         |         | 
+---------+---------+---------+---------+---------+---------+---------+---------+---------+
|   [7]   |   [4]   |   [8]   | [1,3,5, | [1,2,5, | [1,2,3, | [1,2,3, | [1,2,3, | [1,2,3, | 
|         |         |         |  6,9]   |  6,9]   |  5,9]   |  5,6,9] |  5,6,9] |  5,6,9] | 
|         |         |         |         |         |         |         |         |         | 
+---------+---------+---------+---------+---------+---------+---------+---------+---------+
|   [9]   |   [5]   |   [1]   | [3,4,6, | [2,4,6, | [2,3,4, | [2,3,4, | [2,3,4, | [2,3,4, | 
|         |         |         |  7,8]   |  7,8]   |  7,8]   |  6,8]   |  6,7,8] |  6,7,8] | 
|         |         |         |         |         |         |         |         |         | 
+---------+---------+---------+---------+---------+---------+---------+---------+---------+
|   [3]   |   [6]   |   [2]   | [1,4,5, | [1,4,5, | [1,4,5, | [1,4,5, | [1,4,5, | [1,4,5, | 
|         |         |         |  7,8,9] |  7,8,9] |  7,8,9] |  8,9]   |  7,8,9] |  7,8,9] | 
|         |         |         |         |         |         |         |         |         | 
+---------+---------+---------+---------+---------+---------+---------+---------+---------+
|   [1]   |   [7]   |   [3]   | [4,5,6, | [2,4,5, | [2,4,5, | [2,4,5, | [2,4,5, | [2,4,5, | 
|         |         |         |  8,9]   |  6,8,9] |  8,9]   |  6,8,9] |  6,8,9] |  6,8,9] | 
|         |         |         |         |         |         |         |         |         | 
+---------+---------+---------+---------+---------+---------+---------+---------+---------+
|   [2]   |   [8]   |   [4]   | [1,3,5, | [1,5,6, | [1,3,5, | [1,3,5, | [1,3,5, | [1,3,5, | 
|         |         |         |  6,7,9] |  7,9]   |  7,9]   |  6,9]   |  6,7,9] |  6,7,9] | 
|         |         |         |         |         |         |         |         |         | 
+---------+---------+---------+---------+---------+---------+---------+---------+---------+
|   [5]   |   [9]   |   [6]   | [1,3,4, | [1,2,4, | [1,2,3, | [1,2,3, | [1,2,3, | [1,2,3, | 
|         |         |         |  7,8]   |  7,8]   |  4,7,8] |  4,8]   |  4,7,8] |  4,7,8] | 
|         |         |         |         |         |         |         |         |         | 
+---------+---------+---------+---------+---------+---------+---------+---------+---------+

cell 1,8 has been enforced to 8.

value 8 has been removed from cell 2,7 domain because of cell 1,8 domain.
value 8 has been removed from cell 2,9 domain because of cell 1,8 domain.
value 8 has been removed from cell 2,8 domain because of cell 1,8 domain.
value 8 has been removed from cell 5,8 domain because of cell 1,8 domain.
value 8 has been removed from cell 6,8 domain because of cell 1,8 domain.
value 8 has been removed from cell 7,8 domain because of cell 1,8 domain.
value 8 has been removed from cell 9,8 domain because of cell 1,8 domain.
value 8 has been removed from cell 1,9 domain because of cell 1,8 domain.
value 9 has been removed from cell 2,7 domain because of cell 1,9 domain.
value 9 has been removed from cell 2,8 domain because of cell 1,9 domain.
value 9 has been removed from cell 2,9 domain because of cell 1,9 domain.
value 9 has been removed from cell 4,9 domain because of cell 1,9 domain.
value 9 has been removed from cell 6,9 domain because of cell 1,9 domain.
value 9 has been removed from cell 7,9 domain because of cell 1,9 domain.
value 9 has been removed from cell 8,9 domain because of cell 1,9 domain.

domains after applying arc consistency are : 
+---------+---------+---------+---------+---------+---------+---------+---------+---------+
|   [4]   |   [1]   |   [5]   |   [2]   |   [3]   |   [6]   |   [7]   |   [8]   |   [9]   | 
|         |         |         |         |         |         |         |         |         | 
|         |         |         |         |         |         |         |         |         | 
+---------+---------+---------+---------+---------+---------+---------+---------+---------+
|   [6]   |   [2]   |   [7]   | [1,4,5, | [1,4,5, | [1,4,5, | [1,3,4, | [1,3,4, | [1,3,4, | 
|         |         |         |  8,9]   |  8,9]   |  8,9]   |  5]     |  5]     |  5]     | 
|         |         |         |         |         |         |         |         |         | 
+---------+---------+---------+---------+---------+---------+---------+---------+---------+
|   [8]   |   [3]   |   [9]   | [1,4,5, | [1,4,5, | [1,4,5, | [1,2,4, | [1,2,4, | [1,2,4, | 
|         |         |         |  7]     |  7]     |  7]     |  5,6]   |  5,6]   |  5,6]   | 
|         |         |         |         |         |         |         |         |         | 
+---------+---------+---------+---------+---------+---------+---------+---------+---------+
|   [7]   |   [4]   |   [8]   | [1,3,5, | [1,2,5, | [1,2,3, | [1,2,3, | [1,2,3, | [1,2,3, | 
|         |         |         |  6,9]   |  6,9]   |  5,9]   |  5,6,9] |  5,6,9] |  5,6]   | 
|         |         |         |         |         |         |         |         |         | 
+---------+---------+---------+---------+---------+---------+---------+---------+---------+
|   [9]   |   [5]   |   [1]   | [3,4,6, | [2,4,6, | [2,3,4, | [2,3,4, | [2,3,4, | [2,3,4, | 
|         |         |         |  7,8]   |  7,8]   |  7,8]   |  6,8]   |  6,7]   |  6,7,8] | 
|         |         |         |         |         |         |         |         |         | 
+---------+---------+---------+---------+---------+---------+---------+---------+---------+
|   [3]   |   [6]   |   [2]   | [1,4,5, | [1,4,5, | [1,4,5, | [1,4,5, | [1,4,5, | [1,4,5, | 
|         |         |         |  7,8,9] |  7,8,9] |  7,8,9] |  8,9]   |  7,9]   |  7,8]   | 
|         |         |         |         |         |         |         |         |         | 
+---------+---------+---------+---------+---------+---------+---------+---------+---------+
|   [1]   |   [7]   |   [3]   | [4,5,6, | [2,4,5, | [2,4,5, | [2,4,5, | [2,4,5, | [2,4,5, | 
|         |         |         |  8,9]   |  6,8,9] |  8,9]   |  6,8,9] |  6,9]   |  6,8]   | 
|         |         |         |         |         |         |         |         |         | 
+---------+---------+---------+---------+---------+---------+---------+---------+---------+
|   [2]   |   [8]   |   [4]   | [1,3,5, | [1,5,6, | [1,3,5, | [1,3,5, | [1,3,5, | [1,3,5, | 
|         |         |         |  6,7,9] |  7,9]   |  7,9]   |  6,9]   |  6,7,9] |  6,7]   | 
|         |         |         |         |         |         |         |         |         | 
+---------+---------+---------+---------+---------+---------+---------+---------+---------+
|   [5]   |   [9]   |   [6]   | [1,3,4, | [1,2,4, | [1,2,3, | [1,2,3, | [1,2,3, | [1,2,3, | 
|         |         |         |  7,8]   |  7,8]   |  4,7,8] |  4,8]   |  4,7]   |  4,7,8] | 
|         |         |         |         |         |         |         |         |         | 
+---------+---------+---------+---------+---------+---------+---------+---------+---------+

cell 2,7 has been enforced to 3.

value 3 has been removed from cell 4,7 domain because of cell 2,7 domain.
value 3 has been removed from cell 5,7 domain because of cell 2,7 domain.
value 3 has been removed from cell 8,7 domain because of cell 2,7 domain.
value 3 has been removed from cell 9,7 domain because of cell 2,7 domain.
value 3 has been removed from cell 2,8 domain because of cell 2,7 domain.
value 3 has been removed from cell 2,9 domain because of cell 2,7 domain.

domains after applying arc consistency are : 
+---------+---------+---------+---------+---------+---------+---------+---------+---------+
|   [4]   |   [1]   |   [5]   |   [2]   |   [3]   |   [6]   |   [7]   |   [8]   |   [9]   | 
|         |         |         |         |         |         |         |         |         | 
|         |         |         |         |         |         |         |         |         | 
+---------+---------+---------+---------+---------+---------+---------+---------+---------+
|   [6]   |   [2]   |   [7]   | [1,4,5, | [1,4,5, | [1,4,5, |   [3]   | [1,4,5] | [1,4,5] | 
|         |         |         |  8,9]   |  8,9]   |  8,9]   |         |         |         | 
|         |         |         |         |         |         |         |         |         | 
+---------+---------+---------+---------+---------+---------+---------+---------+---------+
|   [8]   |   [3]   |   [9]   | [1,4,5, | [1,4,5, | [1,4,5, | [1,2,4, | [1,2,4, | [1,2,4, | 
|         |         |         |  7]     |  7]     |  7]     |  5,6]   |  5,6]   |  5,6]   | 
|         |         |         |         |         |         |         |         |         | 
+---------+---------+---------+---------+---------+---------+---------+---------+---------+
|   [7]   |   [4]   |   [8]   | [1,3,5, | [1,2,5, | [1,2,3, | [1,2,5, | [1,2,3, | [1,2,3, | 
|         |         |         |  6,9]   |  6,9]   |  5,9]   |  6,9]   |  5,6,9] |  5,6]   | 
|         |         |         |         |         |         |         |         |         | 
+---------+---------+---------+---------+---------+---------+---------+---------+---------+
|   [9]   |   [5]   |   [1]   | [3,4,6, | [2,4,6, | [2,3,4, | [2,4,6, | [2,3,4, | [2,3,4, | 
|         |         |         |  7,8]   |  7,8]   |  7,8]   |  8]     |  6,7]   |  6,7,8] | 
|         |         |         |         |         |         |         |         |         | 
+---------+---------+---------+---------+---------+---------+---------+---------+---------+
|   [3]   |   [6]   |   [2]   | [1,4,5, | [1,4,5, | [1,4,5, | [1,4,5, | [1,4,5, | [1,4,5, | 
|         |         |         |  7,8,9] |  7,8,9] |  7,8,9] |  8,9]   |  7,9]   |  7,8]   | 
|         |         |         |         |         |         |         |         |         | 
+---------+---------+---------+---------+---------+---------+---------+---------+---------+
|   [1]   |   [7]   |   [3]   | [4,5,6, | [2,4,5, | [2,4,5, | [2,4,5, | [2,4,5, | [2,4,5, | 
|         |         |         |  8,9]   |  6,8,9] |  8,9]   |  6,8,9] |  6,9]   |  6,8]   | 
|         |         |         |         |         |         |         |         |         | 
+---------+---------+---------+---------+---------+---------+---------+---------+---------+
|   [2]   |   [8]   |   [4]   | [1,3,5, | [1,5,6, | [1,3,5, | [1,5,6, | [1,3,5, | [1,3,5, | 
|         |         |         |  6,7,9] |  7,9]   |  7,9]   |  9]     |  6,7,9] |  6,7]   | 
|         |         |         |         |         |         |         |         |         | 
+---------+---------+---------+---------+---------+---------+---------+---------+---------+
|   [5]   |   [9]   |   [6]   | [1,3,4, | [1,2,4, | [1,2,3, | [1,2,4, | [1,2,3, | [1,2,3, | 
|         |         |         |  7,8]   |  7,8]   |  4,7,8] |  8]     |  4,7]   |  4,7,8] | 
|         |         |         |         |         |         |         |         |         | 
+---------+---------+---------+---------+---------+---------+---------+---------+---------+

cell 2,8 has been enforced to 1.

value 1 has been removed from cell 3,7 domain because of cell 2,8 domain.
value 1 has been removed from cell 3,9 domain because of cell 2,8 domain.
value 1 has been removed from cell 3,8 domain because of cell 2,8 domain.
value 1 has been removed from cell 4,8 domain because of cell 2,8 domain.
value 1 has been removed from cell 6,8 domain because of cell 2,8 domain.
value 1 has been removed from cell 8,8 domain because of cell 2,8 domain.
value 1 has been removed from cell 9,8 domain because of cell 2,8 domain.
value 1 has been removed from cell 2,4 domain because of cell 2,8 domain.
value 1 has been removed from cell 2,5 domain because of cell 2,8 domain.
value 1 has been removed from cell 2,6 domain because of cell 2,8 domain.
value 1 has been removed from cell 2,9 domain because of cell 2,8 domain.

domains after applying arc consistency are : 
+---------+---------+---------+---------+---------+---------+---------+---------+---------+
|   [4]   |   [1]   |   [5]   |   [2]   |   [3]   |   [6]   |   [7]   |   [8]   |   [9]   | 
|         |         |         |         |         |         |         |         |         | 
|         |         |         |         |         |         |         |         |         | 
+---------+---------+---------+---------+---------+---------+---------+---------+---------+
|   [6]   |   [2]   |   [7]   | [4,5,8, | [4,5,8, | [4,5,8, |   [3]   |   [1]   |  [4,5]  | 
|         |         |         |  9]     |  9]     |  9]     |         |         |         | 
|         |         |         |         |         |         |         |         |         | 
+---------+---------+---------+---------+---------+---------+---------+---------+---------+
|   [8]   |   [3]   |   [9]   | [1,4,5, | [1,4,5, | [1,4,5, | [2,4,5, | [2,4,5, | [2,4,5, | 
|         |         |         |  7]     |  7]     |  7]     |  6]     |  6]     |  6]     | 
|         |         |         |         |         |         |         |         |         | 
+---------+---------+---------+---------+---------+---------+---------+---------+---------+
|   [7]   |   [4]   |   [8]   | [1,3,5, | [1,2,5, | [1,2,3, | [1,2,5, | [2,3,5, | [1,2,3, | 
|         |         |         |  6,9]   |  6,9]   |  5,9]   |  6,9]   |  6,9]   |  5,6]   | 
|         |         |         |         |         |         |         |         |         | 
+---------+---------+---------+---------+---------+---------+---------+---------+---------+
|   [9]   |   [5]   |   [1]   | [3,4,6, | [2,4,6, | [2,3,4, | [2,4,6, | [2,3,4, | [2,3,4, | 
|         |         |         |  7,8]   |  7,8]   |  7,8]   |  8]     |  6,7]   |  6,7,8] | 
|         |         |         |         |         |         |         |         |         | 
+---------+---------+---------+---------+---------+---------+---------+---------+---------+
|   [3]   |   [6]   |   [2]   | [1,4,5, | [1,4,5, | [1,4,5, | [1,4,5, | [4,5,7, | [1,4,5, | 
|         |         |         |  7,8,9] |  7,8,9] |  7,8,9] |  8,9]   |  9]     |  7,8]   | 
|         |         |         |         |         |         |         |         |         | 
+---------+---------+---------+---------+---------+---------+---------+---------+---------+
|   [1]   |   [7]   |   [3]   | [4,5,6, | [2,4,5, | [2,4,5, | [2,4,5, | [2,4,5, | [2,4,5, | 
|         |         |         |  8,9]   |  6,8,9] |  8,9]   |  6,8,9] |  6,9]   |  6,8]   | 
|         |         |         |         |         |         |         |         |         | 
+---------+---------+---------+---------+---------+---------+---------+---------+---------+
|   [2]   |   [8]   |   [4]   | [1,3,5, | [1,5,6, | [1,3,5, | [1,5,6, | [3,5,6, | [1,3,5, | 
|         |         |         |  6,7,9] |  7,9]   |  7,9]   |  9]     |  7,9]   |  6,7]   | 
|         |         |         |         |         |         |         |         |         | 
+---------+---------+---------+---------+---------+---------+---------+---------+---------+
|   [5]   |   [9]   |   [6]   | [1,3,4, | [1,2,4, | [1,2,3, | [1,2,4, | [2,3,4, | [1,2,3, | 
|         |         |         |  7,8]   |  7,8]   |  4,7,8] |  8]     |  7]     |  4,7,8] | 
|         |         |         |         |         |         |         |         |         | 
+---------+---------+---------+---------+---------+---------+---------+---------+---------+

cell 2,9 has been enforced to 4.

value 4 has been removed from cell 3,7 domain because of cell 2,9 domain.
value 4 has been removed from cell 3,8 domain because of cell 2,9 domain.
value 4 has been removed from cell 3,9 domain because of cell 2,9 domain.
value 4 has been removed from cell 5,9 domain because of cell 2,9 domain.
value 4 has been removed from cell 6,9 domain because of cell 2,9 domain.
value 4 has been removed from cell 7,9 domain because of cell 2,9 domain.
value 4 has been removed from cell 9,9 domain because of cell 2,9 domain.
value 4 has been removed from cell 2,4 domain because of cell 2,9 domain.
value 4 has been removed from cell 2,5 domain because of cell 2,9 domain.
value 4 has been removed from cell 2,6 domain because of cell 2,9 domain.

domains after applying arc consistency are : 
+---------+---------+---------+---------+---------+---------+---------+---------+---------+
|   [4]   |   [1]   |   [5]   |   [2]   |   [3]   |   [6]   |   [7]   |   [8]   |   [9]   | 
|         |         |         |         |         |         |         |         |         | 
|         |         |         |         |         |         |         |         |         | 
+---------+---------+---------+---------+---------+---------+---------+---------+---------+
|   [6]   |   [2]   |   [7]   | [5,8,9] | [5,8,9] | [5,8,9] |   [3]   |   [1]   |   [4]   | 
|         |         |         |         |         |         |         |         |         | 
|         |         |         |         |         |         |         |         |         | 
+---------+---------+---------+---------+---------+---------+---------+---------+---------+
|   [8]   |   [3]   |   [9]   | [1,4,5, | [1,4,5, | [1,4,5, | [2,5,6] | [2,5,6] | [2,5,6] | 
|         |         |         |  7]     |  7]     |  7]     |         |         |         | 
|         |         |         |         |         |         |         |         |         | 
+---------+---------+---------+---------+---------+---------+---------+---------+---------+
|   [7]   |   [4]   |   [8]   | [1,3,5, | [1,2,5, | [1,2,3, | [1,2,5, | [2,3,5, | [1,2,3, | 
|         |         |         |  6,9]   |  6,9]   |  5,9]   |  6,9]   |  6,9]   |  5,6]   | 
|         |         |         |         |         |         |         |         |         | 
+---------+---------+---------+---------+---------+---------+---------+---------+---------+
|   [9]   |   [5]   |   [1]   | [3,4,6, | [2,4,6, | [2,3,4, | [2,4,6, | [2,3,4, | [2,3,6, | 
|         |         |         |  7,8]   |  7,8]   |  7,8]   |  8]     |  6,7]   |  7,8]   | 
|         |         |         |         |         |         |         |         |         | 
+---------+---------+---------+---------+---------+---------+---------+---------+---------+
|   [3]   |   [6]   |   [2]   | [1,4,5, | [1,4,5, | [1,4,5, | [1,4,5, | [4,5,7, | [1,5,7, | 
|         |         |         |  7,8,9] |  7,8,9] |  7,8,9] |  8,9]   |  9]     |  8]     | 
|         |         |         |         |         |         |         |         |         | 
+---------+---------+---------+---------+---------+---------+---------+---------+---------+
|   [1]   |   [7]   |   [3]   | [4,5,6, | [2,4,5, | [2,4,5, | [2,4,5, | [2,4,5, | [2,5,6, | 
|         |         |         |  8,9]   |  6,8,9] |  8,9]   |  6,8,9] |  6,9]   |  8]     | 
|         |         |         |         |         |         |         |         |         | 
+---------+---------+---------+---------+---------+---------+---------+---------+---------+
|   [2]   |   [8]   |   [4]   | [1,3,5, | [1,5,6, | [1,3,5, | [1,5,6, | [3,5,6, | [1,3,5, | 
|         |         |         |  6,7,9] |  7,9]   |  7,9]   |  9]     |  7,9]   |  6,7]   | 
|         |         |         |         |         |         |         |         |         | 
+---------+---------+---------+---------+---------+---------+---------+---------+---------+
|   [5]   |   [9]   |   [6]   | [1,3,4, | [1,2,4, | [1,2,3, | [1,2,4, | [2,3,4, | [1,2,3, | 
|         |         |         |  7,8]   |  7,8]   |  4,7,8] |  8]     |  7]     |  7,8]   | 
|         |         |         |         |         |         |         |         |         | 
+---------+---------+---------+---------+---------+---------+---------+---------+---------+

cell 2,4 has been enforced to 8.

value 8 has been removed from cell 5,4 domain because of cell 2,4 domain.
value 8 has been removed from cell 6,4 domain because of cell 2,4 domain.
value 8 has been removed from cell 7,4 domain because of cell 2,4 domain.
value 8 has been removed from cell 9,4 domain because of cell 2,4 domain.
value 8 has been removed from cell 2,5 domain because of cell 2,4 domain.
value 8 has been removed from cell 2,6 domain because of cell 2,4 domain.

domains after applying arc consistency are : 
+---------+---------+---------+---------+---------+---------+---------+---------+---------+
|   [4]   |   [1]   |   [5]   |   [2]   |   [3]   |   [6]   |   [7]   |   [8]   |   [9]   | 
|         |         |         |         |         |         |         |         |         | 
|         |         |         |         |         |         |         |         |         | 
+---------+---------+---------+---------+---------+---------+---------+---------+---------+
|   [6]   |   [2]   |   [7]   |   [8]   |  [5,9]  |  [5,9]  |   [3]   |   [1]   |   [4]   | 
|         |         |         |         |         |         |         |         |         | 
|         |         |         |         |         |         |         |         |         | 
+---------+---------+---------+---------+---------+---------+---------+---------+---------+
|   [8]   |   [3]   |   [9]   | [1,4,5, | [1,4,5, | [1,4,5, | [2,5,6] | [2,5,6] | [2,5,6] | 
|         |         |         |  7]     |  7]     |  7]     |         |         |         | 
|         |         |         |         |         |         |         |         |         | 
+---------+---------+---------+---------+---------+---------+---------+---------+---------+
|   [7]   |   [4]   |   [8]   | [1,3,5, | [1,2,5, | [1,2,3, | [1,2,5, | [2,3,5, | [1,2,3, | 
|         |         |         |  6,9]   |  6,9]   |  5,9]   |  6,9]   |  6,9]   |  5,6]   | 
|         |         |         |         |         |         |         |         |         | 
+---------+---------+---------+---------+---------+---------+---------+---------+---------+
|   [9]   |   [5]   |   [1]   | [3,4,6, | [2,4,6, | [2,3,4, | [2,4,6, | [2,3,4, | [2,3,6, | 
|         |         |         |  7]     |  7,8]   |  7,8]   |  8]     |  6,7]   |  7,8]   | 
|         |         |         |         |         |         |         |         |         | 
+---------+---------+---------+---------+---------+---------+---------+---------+---------+
|   [3]   |   [6]   |   [2]   | [1,4,5, | [1,4,5, | [1,4,5, | [1,4,5, | [4,5,7, | [1,5,7, | 
|         |         |         |  7,9]   |  7,8,9] |  7,8,9] |  8,9]   |  9]     |  8]     | 
|         |         |         |         |         |         |         |         |         | 
+---------+---------+---------+---------+---------+---------+---------+---------+---------+
|   [1]   |   [7]   |   [3]   | [4,5,6, | [2,4,5, | [2,4,5, | [2,4,5, | [2,4,5, | [2,5,6, | 
|         |         |         |  9]     |  6,8,9] |  8,9]   |  6,8,9] |  6,9]   |  8]     | 
|         |         |         |         |         |         |         |         |         | 
+---------+---------+---------+---------+---------+---------+---------+---------+---------+
|   [2]   |   [8]   |   [4]   | [1,3,5, | [1,5,6, | [1,3,5, | [1,5,6, | [3,5,6, | [1,3,5, | 
|         |         |         |  6,7,9] |  7,9]   |  7,9]   |  9]     |  7,9]   |  6,7]   | 
|         |         |         |         |         |         |         |         |         | 
+---------+---------+---------+---------+---------+---------+---------+---------+---------+
|   [5]   |   [9]   |   [6]   | [1,3,4, | [1,2,4, | [1,2,3, | [1,2,4, | [2,3,4, | [1,2,3, | 
|         |         |         |  7]     |  7,8]   |  4,7,8] |  8]     |  7]     |  7,8]   | 
|         |         |         |         |         |         |         |         |         | 
+---------+---------+---------+---------+---------+---------+---------+---------+---------+

cell 2,5 has been enforced to 9.

value 9 has been removed from cell 4,5 domain because of cell 2,5 domain.
value 9 has been removed from cell 6,5 domain because of cell 2,5 domain.
value 9 has been removed from cell 7,5 domain because of cell 2,5 domain.
value 9 has been removed from cell 8,5 domain because of cell 2,5 domain.
value 9 has been removed from cell 2,6 domain because of cell 2,5 domain.
value 5 has been removed from cell 3,4 domain because of cell 2,6 domain.
value 5 has been removed from cell 3,5 domain because of cell 2,6 domain.
value 5 has been removed from cell 3,6 domain because of cell 2,6 domain.
value 5 has been removed from cell 4,6 domain because of cell 2,6 domain.
value 5 has been removed from cell 6,6 domain because of cell 2,6 domain.
value 5 has been removed from cell 7,6 domain because of cell 2,6 domain.
value 5 has been removed from cell 8,6 domain because of cell 2,6 domain.

domains after applying arc consistency are : 
+---------+---------+---------+---------+---------+---------+---------+---------+---------+
|   [4]   |   [1]   |   [5]   |   [2]   |   [3]   |   [6]   |   [7]   |   [8]   |   [9]   | 
|         |         |         |         |         |         |         |         |         | 
|         |         |         |         |         |         |         |         |         | 
+---------+---------+---------+---------+---------+---------+---------+---------+---------+
|   [6]   |   [2]   |   [7]   |   [8]   |   [9]   |   [5]   |   [3]   |   [1]   |   [4]   | 
|         |         |         |         |         |         |         |         |         | 
|         |         |         |         |         |         |         |         |         | 
+---------+---------+---------+---------+---------+---------+---------+---------+---------+
|   [8]   |   [3]   |   [9]   | [1,4,7] | [1,4,7] | [1,4,7] | [2,5,6] | [2,5,6] | [2,5,6] | 
|         |         |         |         |         |         |         |         |         | 
|         |         |         |         |         |         |         |         |         | 
+---------+---------+---------+---------+---------+---------+---------+---------+---------+
|   [7]   |   [4]   |   [8]   | [1,3,5, | [1,2,5, | [1,2,3, | [1,2,5, | [2,3,5, | [1,2,3, | 
|         |         |         |  6,9]   |  6]     |  9]     |  6,9]   |  6,9]   |  5,6]   | 
|         |         |         |         |         |         |         |         |         | 
+---------+---------+---------+---------+---------+---------+---------+---------+---------+
|   [9]   |   [5]   |   [1]   | [3,4,6, | [2,4,6, | [2,3,4, | [2,4,6, | [2,3,4, | [2,3,6, | 
|         |         |         |  7]     |  7,8]   |  7,8]   |  8]     |  6,7]   |  7,8]   | 
|         |         |         |         |         |         |         |         |         | 
+---------+---------+---------+---------+---------+---------+---------+---------+---------+
|   [3]   |   [6]   |   [2]   | [1,4,5, | [1,4,5, | [1,4,7, | [1,4,5, | [4,5,7, | [1,5,7, | 
|         |         |         |  7,9]   |  7,8]   |  8,9]   |  8,9]   |  9]     |  8]     | 
|         |         |         |         |         |         |         |         |         | 
+---------+---------+---------+---------+---------+---------+---------+---------+---------+
|   [1]   |   [7]   |   [3]   | [4,5,6, | [2,4,5, | [2,4,8, | [2,4,5, | [2,4,5, | [2,5,6, | 
|         |         |         |  9]     |  6,8]   |  9]     |  6,8,9] |  6,9]   |  8]     | 
|         |         |         |         |         |         |         |         |         | 
+---------+---------+---------+---------+---------+---------+---------+---------+---------+
|   [2]   |   [8]   |   [4]   | [1,3,5, | [1,5,6, | [1,3,7, | [1,5,6, | [3,5,6, | [1,3,5, | 
|         |         |         |  6,7,9] |  7]     |  9]     |  9]     |  7,9]   |  6,7]   | 
|         |         |         |         |         |         |         |         |         | 
+---------+---------+---------+---------+---------+---------+---------+---------+---------+
|   [5]   |   [9]   |   [6]   | [1,3,4, | [1,2,4, | [1,2,3, | [1,2,4, | [2,3,4, | [1,2,3, | 
|         |         |         |  7]     |  7,8]   |  4,7,8] |  8]     |  7]     |  7,8]   | 
|         |         |         |         |         |         |         |         |         | 
+---------+---------+---------+---------+---------+---------+---------+---------+---------+

cell 3,4 has been enforced to 1.

value 1 has been removed from cell 4,4 domain because of cell 3,4 domain.
value 1 has been removed from cell 6,4 domain because of cell 3,4 domain.
value 1 has been removed from cell 8,4 domain because of cell 3,4 domain.
value 1 has been removed from cell 9,4 domain because of cell 3,4 domain.
value 1 has been removed from cell 3,5 domain because of cell 3,4 domain.
value 1 has been removed from cell 3,6 domain because of cell 3,4 domain.

domains after applying arc consistency are : 
+---------+---------+---------+---------+---------+---------+---------+---------+---------+
|   [4]   |   [1]   |   [5]   |   [2]   |   [3]   |   [6]   |   [7]   |   [8]   |   [9]   | 
|         |         |         |         |         |         |         |         |         | 
|         |         |         |         |         |         |         |         |         | 
+---------+---------+---------+---------+---------+---------+---------+---------+---------+
|   [6]   |   [2]   |   [7]   |   [8]   |   [9]   |   [5]   |   [3]   |   [1]   |   [4]   | 
|         |         |         |         |         |         |         |         |         | 
|         |         |         |         |         |         |         |         |         | 
+---------+---------+---------+---------+---------+---------+---------+---------+---------+
|   [8]   |   [3]   |   [9]   |   [1]   |  [4,7]  |  [4,7]  | [2,5,6] | [2,5,6] | [2,5,6] | 
|         |         |         |         |         |         |         |         |         | 
|         |         |         |         |         |         |         |         |         | 
+---------+---------+---------+---------+---------+---------+---------+---------+---------+
|   [7]   |   [4]   |   [8]   | [3,5,6, | [1,2,5, | [1,2,3, | [1,2,5, | [2,3,5, | [1,2,3, | 
|         |         |         |  9]     |  6]     |  9]     |  6,9]   |  6,9]   |  5,6]   | 
|         |         |         |         |         |         |         |         |         | 
+---------+---------+---------+---------+---------+---------+---------+---------+---------+
|   [9]   |   [5]   |   [1]   | [3,4,6, | [2,4,6, | [2,3,4, | [2,4,6, | [2,3,4, | [2,3,6, | 
|         |         |         |  7]     |  7,8]   |  7,8]   |  8]     |  6,7]   |  7,8]   | 
|         |         |         |         |         |         |         |         |         | 
+---------+---------+---------+---------+---------+---------+---------+---------+---------+
|   [3]   |   [6]   |   [2]   | [4,5,7, | [1,4,5, | [1,4,7, | [1,4,5, | [4,5,7, | [1,5,7, | 
|         |         |         |  9]     |  7,8]   |  8,9]   |  8,9]   |  9]     |  8]     | 
|         |         |         |         |         |         |         |         |         | 
+---------+---------+---------+---------+---------+---------+---------+---------+---------+
|   [1]   |   [7]   |   [3]   | [4,5,6, | [2,4,5, | [2,4,8, | [2,4,5, | [2,4,5, | [2,5,6, | 
|         |         |         |  9]     |  6,8]   |  9]     |  6,8,9] |  6,9]   |  8]     | 
|         |         |         |         |         |         |         |         |         | 
+---------+---------+---------+---------+---------+---------+---------+---------+---------+
|   [2]   |   [8]   |   [4]   | [3,5,6, | [1,5,6, | [1,3,7, | [1,5,6, | [3,5,6, | [1,3,5, | 
|         |         |         |  7,9]   |  7]     |  9]     |  9]     |  7,9]   |  6,7]   | 
|         |         |         |         |         |         |         |         |         | 
+---------+---------+---------+---------+---------+---------+---------+---------+---------+
|   [5]   |   [9]   |   [6]   | [3,4,7] | [1,2,4, | [1,2,3, | [1,2,4, | [2,3,4, | [1,2,3, | 
|         |         |         |         |  7,8]   |  4,7,8] |  8]     |  7]     |  7,8]   | 
|         |         |         |         |         |         |         |         |         | 
+---------+---------+---------+---------+---------+---------+---------+---------+---------+

cell 3,5 has been enforced to 4.

value 4 has been removed from cell 5,5 domain because of cell 3,5 domain.
value 4 has been removed from cell 6,5 domain because of cell 3,5 domain.
value 4 has been removed from cell 7,5 domain because of cell 3,5 domain.
value 4 has been removed from cell 9,5 domain because of cell 3,5 domain.
value 4 has been removed from cell 3,6 domain because of cell 3,5 domain.
value 7 has been removed from cell 5,6 domain because of cell 3,6 domain.
value 7 has been removed from cell 6,6 domain because of cell 3,6 domain.
value 7 has been removed from cell 8,6 domain because of cell 3,6 domain.
value 7 has been removed from cell 9,6 domain because of cell 3,6 domain.

domains after applying arc consistency are : 
+---------+---------+---------+---------+---------+---------+---------+---------+---------+
|   [4]   |   [1]   |   [5]   |   [2]   |   [3]   |   [6]   |   [7]   |   [8]   |   [9]   | 
|         |         |         |         |         |         |         |         |         | 
|         |         |         |         |         |         |         |         |         | 
+---------+---------+---------+---------+---------+---------+---------+---------+---------+
|   [6]   |   [2]   |   [7]   |   [8]   |   [9]   |   [5]   |   [3]   |   [1]   |   [4]   | 
|         |         |         |         |         |         |         |         |         | 
|         |         |         |         |         |         |         |         |         | 
+---------+---------+---------+---------+---------+---------+---------+---------+---------+
|   [8]   |   [3]   |   [9]   |   [1]   |   [4]   |   [7]   | [2,5,6] | [2,5,6] | [2,5,6] | 
|         |         |         |         |         |         |         |         |         | 
|         |         |         |         |         |         |         |         |         | 
+---------+---------+---------+---------+---------+---------+---------+---------+---------+
|   [7]   |   [4]   |   [8]   | [3,5,6, | [1,2,5, | [1,2,3, | [1,2,5, | [2,3,5, | [1,2,3, | 
|         |         |         |  9]     |  6]     |  9]     |  6,9]   |  6,9]   |  5,6]   | 
|         |         |         |         |         |         |         |         |         | 
+---------+---------+---------+---------+---------+---------+---------+---------+---------+
|   [9]   |   [5]   |   [1]   | [3,4,6, | [2,6,7, | [2,3,4, | [2,4,6, | [2,3,4, | [2,3,6, | 
|         |         |         |  7]     |  8]     |  8]     |  8]     |  6,7]   |  7,8]   | 
|         |         |         |         |         |         |         |         |         | 
+---------+---------+---------+---------+---------+---------+---------+---------+---------+
|   [3]   |   [6]   |   [2]   | [4,5,7, | [1,5,7, | [1,4,8, | [1,4,5, | [4,5,7, | [1,5,7, | 
|         |         |         |  9]     |  8]     |  9]     |  8,9]   |  9]     |  8]     | 
|         |         |         |         |         |         |         |         |         | 
+---------+---------+---------+---------+---------+---------+---------+---------+---------+
|   [1]   |   [7]   |   [3]   | [4,5,6, | [2,5,6, | [2,4,8, | [2,4,5, | [2,4,5, | [2,5,6, | 
|         |         |         |  9]     |  8]     |  9]     |  6,8,9] |  6,9]   |  8]     | 
|         |         |         |         |         |         |         |         |         | 
+---------+---------+---------+---------+---------+---------+---------+---------+---------+
|   [2]   |   [8]   |   [4]   | [3,5,6, | [1,5,6, | [1,3,9] | [1,5,6, | [3,5,6, | [1,3,5, | 
|         |         |         |  7,9]   |  7]     |         |  9]     |  7,9]   |  6,7]   | 
|         |         |         |         |         |         |         |         |         | 
+---------+---------+---------+---------+---------+---------+---------+---------+---------+
|   [5]   |   [9]   |   [6]   | [3,4,7] | [1,2,7, | [1,2,3, | [1,2,4, | [2,3,4, | [1,2,3, | 
|         |         |         |         |  8]     |  4,8]   |  8]     |  7]     |  7,8]   | 
|         |         |         |         |         |         |         |         |         | 
+---------+---------+---------+---------+---------+---------+---------+---------+---------+

cell 3,7 has been enforced to 2.

value 2 has been removed from cell 4,7 domain because of cell 3,7 domain.
value 2 has been removed from cell 5,7 domain because of cell 3,7 domain.
value 2 has been removed from cell 7,7 domain because of cell 3,7 domain.
value 2 has been removed from cell 9,7 domain because of cell 3,7 domain.
value 2 has been removed from cell 3,8 domain because of cell 3,7 domain.
value 2 has been removed from cell 3,9 domain because of cell 3,7 domain.

domains after applying arc consistency are : 
+---------+---------+---------+---------+---------+---------+---------+---------+---------+
|   [4]   |   [1]   |   [5]   |   [2]   |   [3]   |   [6]   |   [7]   |   [8]   |   [9]   | 
|         |         |         |         |         |         |         |         |         | 
|         |         |         |         |         |         |         |         |         | 
+---------+---------+---------+---------+---------+---------+---------+---------+---------+
|   [6]   |   [2]   |   [7]   |   [8]   |   [9]   |   [5]   |   [3]   |   [1]   |   [4]   | 
|         |         |         |         |         |         |         |         |         | 
|         |         |         |         |         |         |         |         |         | 
+---------+---------+---------+---------+---------+---------+---------+---------+---------+
|   [8]   |   [3]   |   [9]   |   [1]   |   [4]   |   [7]   |   [2]   |  [5,6]  |  [5,6]  | 
|         |         |         |         |         |         |         |         |         | 
|         |         |         |         |         |         |         |         |         | 
+---------+---------+---------+---------+---------+---------+---------+---------+---------+
|   [7]   |   [4]   |   [8]   | [3,5,6, | [1,2,5, | [1,2,3, | [1,5,6, | [2,3,5, | [1,2,3, | 
|         |         |         |  9]     |  6]     |  9]     |  9]     |  6,9]   |  5,6]   | 
|         |         |         |         |         |         |         |         |         | 
+---------+---------+---------+---------+---------+---------+---------+---------+---------+
|   [9]   |   [5]   |   [1]   | [3,4,6, | [2,6,7, | [2,3,4, | [4,6,8] | [2,3,4, | [2,3,6, | 
|         |         |         |  7]     |  8]     |  8]     |         |  6,7]   |  7,8]   | 
|         |         |         |         |         |         |         |         |         | 
+---------+---------+---------+---------+---------+---------+---------+---------+---------+
|   [3]   |   [6]   |   [2]   | [4,5,7, | [1,5,7, | [1,4,8, | [1,4,5, | [4,5,7, | [1,5,7, | 
|         |         |         |  9]     |  8]     |  9]     |  8,9]   |  9]     |  8]     | 
|         |         |         |         |         |         |         |         |         | 
+---------+---------+---------+---------+---------+---------+---------+---------+---------+
|   [1]   |   [7]   |   [3]   | [4,5,6, | [2,5,6, | [2,4,8, | [4,5,6, | [2,4,5, | [2,5,6, | 
|         |         |         |  9]     |  8]     |  9]     |  8,9]   |  6,9]   |  8]     | 
|         |         |         |         |         |         |         |         |         | 
+---------+---------+---------+---------+---------+---------+---------+---------+---------+
|   [2]   |   [8]   |   [4]   | [3,5,6, | [1,5,6, | [1,3,9] | [1,5,6, | [3,5,6, | [1,3,5, | 
|         |         |         |  7,9]   |  7]     |         |  9]     |  7,9]   |  6,7]   | 
|         |         |         |         |         |         |         |         |         | 
+---------+---------+---------+---------+---------+---------+---------+---------+---------+
|   [5]   |   [9]   |   [6]   | [3,4,7] | [1,2,7, | [1,2,3, | [1,4,8] | [2,3,4, | [1,2,3, | 
|         |         |         |         |  8]     |  4,8]   |         |  7]     |  7,8]   | 
|         |         |         |         |         |         |         |         |         | 
+---------+---------+---------+---------+---------+---------+---------+---------+---------+

cell 3,8 has been enforced to 5.

value 5 has been removed from cell 4,8 domain because of cell 3,8 domain.
value 5 has been removed from cell 6,8 domain because of cell 3,8 domain.
value 5 has been removed from cell 7,8 domain because of cell 3,8 domain.
value 5 has been removed from cell 8,8 domain because of cell 3,8 domain.
value 5 has been removed from cell 3,9 domain because of cell 3,8 domain.
value 6 has been removed from cell 4,9 domain because of cell 3,9 domain.
value 6 has been removed from cell 5,9 domain because of cell 3,9 domain.
value 6 has been removed from cell 7,9 domain because of cell 3,9 domain.
value 6 has been removed from cell 8,9 domain because of cell 3,9 domain.

domains after applying arc consistency are : 
+---------+---------+---------+---------+---------+---------+---------+---------+---------+
|   [4]   |   [1]   |   [5]   |   [2]   |   [3]   |   [6]   |   [7]   |   [8]   |   [9]   | 
|         |         |         |         |         |         |         |         |         | 
|         |         |         |         |         |         |         |         |         | 
+---------+---------+---------+---------+---------+---------+---------+---------+---------+
|   [6]   |   [2]   |   [7]   |   [8]   |   [9]   |   [5]   |   [3]   |   [1]   |   [4]   | 
|         |         |         |         |         |         |         |         |         | 
|         |         |         |         |         |         |         |         |         | 
+---------+---------+---------+---------+---------+---------+---------+---------+---------+
|   [8]   |   [3]   |   [9]   |   [1]   |   [4]   |   [7]   |   [2]   |   [5]   |   [6]   | 
|         |         |         |         |         |         |         |         |         | 
|         |         |         |         |         |         |         |         |         | 
+---------+---------+---------+---------+---------+---------+---------+---------+---------+
|   [7]   |   [4]   |   [8]   | [3,5,6, | [1,2,5, | [1,2,3, | [1,5,6, | [2,3,6, | [1,2,3, | 
|         |         |         |  9]     |  6]     |  9]     |  9]     |  9]     |  5]     | 
|         |         |         |         |         |         |         |         |         | 
+---------+---------+---------+---------+---------+---------+---------+---------+---------+
|   [9]   |   [5]   |   [1]   | [3,4,6, | [2,6,7, | [2,3,4, | [4,6,8] | [2,3,4, | [2,3,7, | 
|         |         |         |  7]     |  8]     |  8]     |         |  6,7]   |  8]     | 
|         |         |         |         |         |         |         |         |         | 
+---------+---------+---------+---------+---------+---------+---------+---------+---------+
|   [3]   |   [6]   |   [2]   | [4,5,7, | [1,5,7, | [1,4,8, | [1,4,5, | [4,7,9] | [1,5,7, | 
|         |         |         |  9]     |  8]     |  9]     |  8,9]   |         |  8]     | 
|         |         |         |         |         |         |         |         |         | 
+---------+---------+---------+---------+---------+---------+---------+---------+---------+
|   [1]   |   [7]   |   [3]   | [4,5,6, | [2,5,6, | [2,4,8, | [4,5,6, | [2,4,6, | [2,5,8] | 
|         |         |         |  9]     |  8]     |  9]     |  8,9]   |  9]     |         | 
|         |         |         |         |         |         |         |         |         | 
+---------+---------+---------+---------+---------+---------+---------+---------+---------+
|   [2]   |   [8]   |   [4]   | [3,5,6, | [1,5,6, | [1,3,9] | [1,5,6, | [3,6,7, | [1,3,5, | 
|         |         |         |  7,9]   |  7]     |         |  9]     |  9]     |  7]     | 
|         |         |         |         |         |         |         |         |         | 
+---------+---------+---------+---------+---------+---------+---------+---------+---------+
|   [5]   |   [9]   |   [6]   | [3,4,7] | [1,2,7, | [1,2,3, | [1,4,8] | [2,3,4, | [1,2,3, | 
|         |         |         |         |  8]     |  4,8]   |         |  7]     |  7,8]   | 
|         |         |         |         |         |         |         |         |         | 
+---------+---------+---------+---------+---------+---------+---------+---------+---------+

cell 5,7 has been enforced to 4.

value 4 has been removed from cell 6,8 domain because of cell 5,7 domain.
value 4 has been removed from cell 6,7 domain because of cell 5,7 domain.
value 4 has been removed from cell 7,7 domain because of cell 5,7 domain.
value 4 has been removed from cell 9,7 domain because of cell 5,7 domain.
value 4 has been removed from cell 5,4 domain because of cell 5,7 domain.
value 4 has been removed from cell 5,6 domain because of cell 5,7 domain.
value 4 has been removed from cell 5,8 domain because of cell 5,7 domain.

domains after applying arc consistency are : 
+---------+---------+---------+---------+---------+---------+---------+---------+---------+
|   [4]   |   [1]   |   [5]   |   [2]   |   [3]   |   [6]   |   [7]   |   [8]   |   [9]   | 
|         |         |         |         |         |         |         |         |         | 
|         |         |         |         |         |         |         |         |         | 
+---------+---------+---------+---------+---------+---------+---------+---------+---------+
|   [6]   |   [2]   |   [7]   |   [8]   |   [9]   |   [5]   |   [3]   |   [1]   |   [4]   | 
|         |         |         |         |         |         |         |         |         | 
|         |         |         |         |         |         |         |         |         | 
+---------+---------+---------+---------+---------+---------+---------+---------+---------+
|   [8]   |   [3]   |   [9]   |   [1]   |   [4]   |   [7]   |   [2]   |   [5]   |   [6]   | 
|         |         |         |         |         |         |         |         |         | 
|         |         |         |         |         |         |         |         |         | 
+---------+---------+---------+---------+---------+---------+---------+---------+---------+
|   [7]   |   [4]   |   [8]   | [3,5,6, | [1,2,5, | [1,2,3, | [1,5,6, | [2,3,6, | [1,2,3, | 
|         |         |         |  9]     |  6]     |  9]     |  9]     |  9]     |  5]     | 
|         |         |         |         |         |         |         |         |         | 
+---------+---------+---------+---------+---------+---------+---------+---------+---------+
|   [9]   |   [5]   |   [1]   | [3,6,7] | [2,6,7, | [2,3,8] |   [4]   | [2,3,6, | [2,3,7, | 
|         |         |         |         |  8]     |         |         |  7]     |  8]     | 
|         |         |         |         |         |         |         |         |         | 
+---------+---------+---------+---------+---------+---------+---------+---------+---------+
|   [3]   |   [6]   |   [2]   | [4,5,7, | [1,5,7, | [1,4,8, | [1,5,8, |  [7,9]  | [1,5,7, | 
|         |         |         |  9]     |  8]     |  9]     |  9]     |         |  8]     | 
|         |         |         |         |         |         |         |         |         | 
+---------+---------+---------+---------+---------+---------+---------+---------+---------+
|   [1]   |   [7]   |   [3]   | [4,5,6, | [2,5,6, | [2,4,8, | [5,6,8, | [2,4,6, | [2,5,8] | 
|         |         |         |  9]     |  8]     |  9]     |  9]     |  9]     |         | 
|         |         |         |         |         |         |         |         |         | 
+---------+---------+---------+---------+---------+---------+---------+---------+---------+
|   [2]   |   [8]   |   [4]   | [3,5,6, | [1,5,6, | [1,3,9] | [1,5,6, | [3,6,7, | [1,3,5, | 
|         |         |         |  7,9]   |  7]     |         |  9]     |  9]     |  7]     | 
|         |         |         |         |         |         |         |         |         | 
+---------+---------+---------+---------+---------+---------+---------+---------+---------+
|   [5]   |   [9]   |   [6]   | [3,4,7] | [1,2,7, | [1,2,3, |  [1,8]  | [2,3,4, | [1,2,3, | 
|         |         |         |         |  8]     |  4,8]   |         |  7]     |  7,8]   | 
|         |         |         |         |         |         |         |         |         | 
+---------+---------+---------+---------+---------+---------+---------+---------+---------+

cell 6,8 has been enforced to 7.

value 7 has been removed from cell 5,9 domain because of cell 6,8 domain.
value 7 has been removed from cell 5,8 domain because of cell 6,8 domain.
value 7 has been removed from cell 8,8 domain because of cell 6,8 domain.
value 7 has been removed from cell 9,8 domain because of cell 6,8 domain.
value 7 has been removed from cell 6,4 domain because of cell 6,8 domain.
value 7 has been removed from cell 6,5 domain because of cell 6,8 domain.
value 7 has been removed from cell 6,9 domain because of cell 6,8 domain.

domains after applying arc consistency are : 
+---------+---------+---------+---------+---------+---------+---------+---------+---------+
|   [4]   |   [1]   |   [5]   |   [2]   |   [3]   |   [6]   |   [7]   |   [8]   |   [9]   | 
|         |         |         |         |         |         |         |         |         | 
|         |         |         |         |         |         |         |         |         | 
+---------+---------+---------+---------+---------+---------+---------+---------+---------+
|   [6]   |   [2]   |   [7]   |   [8]   |   [9]   |   [5]   |   [3]   |   [1]   |   [4]   | 
|         |         |         |         |         |         |         |         |         | 
|         |         |         |         |         |         |         |         |         | 
+---------+---------+---------+---------+---------+---------+---------+---------+---------+
|   [8]   |   [3]   |   [9]   |   [1]   |   [4]   |   [7]   |   [2]   |   [5]   |   [6]   | 
|         |         |         |         |         |         |         |         |         | 
|         |         |         |         |         |         |         |         |         | 
+---------+---------+---------+---------+---------+---------+---------+---------+---------+
|   [7]   |   [4]   |   [8]   | [3,5,6, | [1,2,5, | [1,2,3, | [1,5,6, | [2,3,6, | [1,2,3, | 
|         |         |         |  9]     |  6]     |  9]     |  9]     |  9]     |  5]     | 
|         |         |         |         |         |         |         |         |         | 
+---------+---------+---------+---------+---------+---------+---------+---------+---------+
|   [9]   |   [5]   |   [1]   | [3,6,7] | [2,6,7, | [2,3,8] |   [4]   | [2,3,6] | [2,3,8] | 
|         |         |         |         |  8]     |         |         |         |         | 
|         |         |         |         |         |         |         |         |         | 
+---------+---------+---------+---------+---------+---------+---------+---------+---------+
|   [3]   |   [6]   |   [2]   | [4,5,9] | [1,5,8] | [1,4,8, | [1,5,8, |   [7]   | [1,5,8] | 
|         |         |         |         |         |  9]     |  9]     |         |         | 
|         |         |         |         |         |         |         |         |         | 
+---------+---------+---------+---------+---------+---------+---------+---------+---------+
|   [1]   |   [7]   |   [3]   | [4,5,6, | [2,5,6, | [2,4,8, | [5,6,8, | [2,4,6, | [2,5,8] | 
|         |         |         |  9]     |  8]     |  9]     |  9]     |  9]     |         | 
|         |         |         |         |         |         |         |         |         | 
+---------+---------+---------+---------+---------+---------+---------+---------+---------+
|   [2]   |   [8]   |   [4]   | [3,5,6, | [1,5,6, | [1,3,9] | [1,5,6, | [3,6,9] | [1,3,5, | 
|         |         |         |  7,9]   |  7]     |         |  9]     |         |  7]     | 
|         |         |         |         |         |         |         |         |         | 
+---------+---------+---------+---------+---------+---------+---------+---------+---------+
|   [5]   |   [9]   |   [6]   | [3,4,7] | [1,2,7, | [1,2,3, |  [1,8]  | [2,3,4] | [1,2,3, | 
|         |         |         |         |  8]     |  4,8]   |         |         |  7,8]   | 
|         |         |         |         |         |         |         |         |         | 
+---------+---------+---------+---------+---------+---------+---------+---------+---------+

cell 9,7 has been enforced to 8.

value 8 has been removed from cell 7,9 domain because of cell 9,7 domain.
value 8 has been removed from cell 6,7 domain because of cell 9,7 domain.
value 8 has been removed from cell 7,7 domain because of cell 9,7 domain.
value 8 has been removed from cell 9,5 domain because of cell 9,7 domain.
value 8 has been removed from cell 9,6 domain because of cell 9,7 domain.
value 8 has been removed from cell 9,9 domain because of cell 9,7 domain.

domains after applying arc consistency are : 
+---------+---------+---------+---------+---------+---------+---------+---------+---------+
|   [4]   |   [1]   |   [5]   |   [2]   |   [3]   |   [6]   |   [7]   |   [8]   |   [9]   | 
|         |         |         |         |         |         |         |         |         | 
|         |         |         |         |         |         |         |         |         | 
+---------+---------+---------+---------+---------+---------+---------+---------+---------+
|   [6]   |   [2]   |   [7]   |   [8]   |   [9]   |   [5]   |   [3]   |   [1]   |   [4]   | 
|         |         |         |         |         |         |         |         |         | 
|         |         |         |         |         |         |         |         |         | 
+---------+---------+---------+---------+---------+---------+---------+---------+---------+
|   [8]   |   [3]   |   [9]   |   [1]   |   [4]   |   [7]   |   [2]   |   [5]   |   [6]   | 
|         |         |         |         |         |         |         |         |         | 
|         |         |         |         |         |         |         |         |         | 
+---------+---------+---------+---------+---------+---------+---------+---------+---------+
|   [7]   |   [4]   |   [8]   | [3,5,6, | [1,2,5, | [1,2,3, | [1,5,6, | [2,3,6, | [1,2,3, | 
|         |         |         |  9]     |  6]     |  9]     |  9]     |  9]     |  5]     | 
|         |         |         |         |         |         |         |         |         | 
+---------+---------+---------+---------+---------+---------+---------+---------+---------+
|   [9]   |   [5]   |   [1]   | [3,6,7] | [2,6,7, | [2,3,8] |   [4]   | [2,3,6] | [2,3,8] | 
|         |         |         |         |  8]     |         |         |         |         | 
|         |         |         |         |         |         |         |         |         | 
+---------+---------+---------+---------+---------+---------+---------+---------+---------+
|   [3]   |   [6]   |   [2]   | [4,5,9] | [1,5,8] | [1,4,8, | [1,5,9] |   [7]   | [1,5,8] | 
|         |         |         |         |         |  9]     |         |         |         | 
|         |         |         |         |         |         |         |         |         | 
+---------+---------+---------+---------+---------+---------+---------+---------+---------+
|   [1]   |   [7]   |   [3]   | [4,5,6, | [2,5,6, | [2,4,8, | [5,6,9] | [2,4,6, |  [2,5]  | 
|         |         |         |  9]     |  8]     |  9]     |         |  9]     |         | 
|         |         |         |         |         |         |         |         |         | 
+---------+---------+---------+---------+---------+---------+---------+---------+---------+
|   [2]   |   [8]   |   [4]   | [3,5,6, | [1,5,6, | [1,3,9] | [1,5,6, | [3,6,9] | [1,3,5, | 
|         |         |         |  7,9]   |  7]     |         |  9]     |         |  7]     | 
|         |         |         |         |         |         |         |         |         | 
+---------+---------+---------+---------+---------+---------+---------+---------+---------+
|   [5]   |   [9]   |   [6]   | [3,4,7] | [1,2,7] | [1,2,3, |   [8]   | [2,3,4] | [1,2,3, | 
|         |         |         |         |         |  4]     |         |         |  7]     | 
|         |         |         |         |         |         |         |         |         | 
+---------+---------+---------+---------+---------+---------+---------+---------+---------+

cell 7,9 has been enforced to 2.

value 2 has been removed from cell 9,8 domain because of cell 7,9 domain.
value 2 has been removed from cell 4,9 domain because of cell 7,9 domain.
value 2 has been removed from cell 5,9 domain because of cell 7,9 domain.
value 2 has been removed from cell 9,9 domain because of cell 7,9 domain.
value 2 has been removed from cell 7,5 domain because of cell 7,9 domain.
value 2 has been removed from cell 7,6 domain because of cell 7,9 domain.
value 2 has been removed from cell 7,8 domain because of cell 7,9 domain.

domains after applying arc consistency are : 
+---------+---------+---------+---------+---------+---------+---------+---------+---------+
|   [4]   |   [1]   |   [5]   |   [2]   |   [3]   |   [6]   |   [7]   |   [8]   |   [9]   | 
|         |         |         |         |         |         |         |         |         | 
|         |         |         |         |         |         |         |         |         | 
+---------+---------+---------+---------+---------+---------+---------+---------+---------+
|   [6]   |   [2]   |   [7]   |   [8]   |   [9]   |   [5]   |   [3]   |   [1]   |   [4]   | 
|         |         |         |         |         |         |         |         |         | 
|         |         |         |         |         |         |         |         |         | 
+---------+---------+---------+---------+---------+---------+---------+---------+---------+
|   [8]   |   [3]   |   [9]   |   [1]   |   [4]   |   [7]   |   [2]   |   [5]   |   [6]   | 
|         |         |         |         |         |         |         |         |         | 
|         |         |         |         |         |         |         |         |         | 
+---------+---------+---------+---------+---------+---------+---------+---------+---------+
|   [7]   |   [4]   |   [8]   | [3,5,6, | [1,2,5, | [1,2,3, | [1,5,6, | [2,3,6, | [1,3,5] | 
|         |         |         |  9]     |  6]     |  9]     |  9]     |  9]     |         | 
|         |         |         |         |         |         |         |         |         | 
+---------+---------+---------+---------+---------+---------+---------+---------+---------+
|   [9]   |   [5]   |   [1]   | [3,6,7] | [2,6,7, | [2,3,8] |   [4]   | [2,3,6] |  [3,8]  | 
|         |         |         |         |  8]     |         |         |         |         | 
|         |         |         |         |         |         |         |         |         | 
+---------+---------+---------+---------+---------+---------+---------+---------+---------+
|   [3]   |   [6]   |   [2]   | [4,5,9] | [1,5,8] | [1,4,8, | [1,5,9] |   [7]   | [1,5,8] | 
|         |         |         |         |         |  9]     |         |         |         | 
|         |         |         |         |         |         |         |         |         | 
+---------+---------+---------+---------+---------+---------+---------+---------+---------+
|   [1]   |   [7]   |   [3]   | [4,5,6, | [5,6,8] | [4,8,9] | [5,6,9] | [4,6,9] |   [2]   | 
|         |         |         |  9]     |         |         |         |         |         | 
|         |         |         |         |         |         |         |         |         | 
+---------+---------+---------+---------+---------+---------+---------+---------+---------+
|   [2]   |   [8]   |   [4]   | [3,5,6, | [1,5,6, | [1,3,9] | [1,5,6, | [3,6,9] | [1,3,5, | 
|         |         |         |  7,9]   |  7]     |         |  9]     |         |  7]     | 
|         |         |         |         |         |         |         |         |         | 
+---------+---------+---------+---------+---------+---------+---------+---------+---------+
|   [5]   |   [9]   |   [6]   | [3,4,7] | [1,2,7] | [1,2,3, |   [8]   |  [3,4]  | [1,3,7] | 
|         |         |         |         |         |  4]     |         |         |         | 
|         |         |         |         |         |         |         |         |         | 
+---------+---------+---------+---------+---------+---------+---------+---------+---------+

cell 5,9 has been enforced to 8.

value 8 has been removed from cell 6,9 domain because of cell 5,9 domain.
value 8 has been removed from cell 5,5 domain because of cell 5,9 domain.
value 8 has been removed from cell 5,6 domain because of cell 5,9 domain.

domains after applying arc consistency are : 
+---------+---------+---------+---------+---------+---------+---------+---------+---------+
|   [4]   |   [1]   |   [5]   |   [2]   |   [3]   |   [6]   |   [7]   |   [8]   |   [9]   | 
|         |         |         |         |         |         |         |         |         | 
|         |         |         |         |         |         |         |         |         | 
+---------+---------+---------+---------+---------+---------+---------+---------+---------+
|   [6]   |   [2]   |   [7]   |   [8]   |   [9]   |   [5]   |   [3]   |   [1]   |   [4]   | 
|         |         |         |         |         |         |         |         |         | 
|         |         |         |         |         |         |         |         |         | 
+---------+---------+---------+---------+---------+---------+---------+---------+---------+
|   [8]   |   [3]   |   [9]   |   [1]   |   [4]   |   [7]   |   [2]   |   [5]   |   [6]   | 
|         |         |         |         |         |         |         |         |         | 
|         |         |         |         |         |         |         |         |         | 
+---------+---------+---------+---------+---------+---------+---------+---------+---------+
|   [7]   |   [4]   |   [8]   | [3,5,6, | [1,2,5, | [1,2,3, | [1,5,6, | [2,3,6, | [1,3,5] | 
|         |         |         |  9]     |  6]     |  9]     |  9]     |  9]     |         | 
|         |         |         |         |         |         |         |         |         | 
+---------+---------+---------+---------+---------+---------+---------+---------+---------+
|   [9]   |   [5]   |   [1]   | [3,6,7] | [2,6,7] |  [2,3]  |   [4]   | [2,3,6] |   [8]   | 
|         |         |         |         |         |         |         |         |         | 
|         |         |         |         |         |         |         |         |         | 
+---------+---------+---------+---------+---------+---------+---------+---------+---------+
|   [3]   |   [6]   |   [2]   | [4,5,9] | [1,5,8] | [1,4,8, | [1,5,9] |   [7]   |  [1,5]  | 
|         |         |         |         |         |  9]     |         |         |         | 
|         |         |         |         |         |         |         |         |         | 
+---------+---------+---------+---------+---------+---------+---------+---------+---------+
|   [1]   |   [7]   |   [3]   | [4,5,6, | [5,6,8] | [4,8,9] | [5,6,9] | [4,6,9] |   [2]   | 
|         |         |         |  9]     |         |         |         |         |         | 
|         |         |         |         |         |         |         |         |         | 
+---------+---------+---------+---------+---------+---------+---------+---------+---------+
|   [2]   |   [8]   |   [4]   | [3,5,6, | [1,5,6, | [1,3,9] | [1,5,6, | [3,6,9] | [1,3,5, | 
|         |         |         |  7,9]   |  7]     |         |  9]     |         |  7]     | 
|         |         |         |         |         |         |         |         |         | 
+---------+---------+---------+---------+---------+---------+---------+---------+---------+
|   [5]   |   [9]   |   [6]   | [3,4,7] | [1,2,7] | [1,2,3, |   [8]   |  [3,4]  | [1,3,7] | 
|         |         |         |         |         |  4]     |         |         |         | 
|         |         |         |         |         |         |         |         |         | 
+---------+---------+---------+---------+---------+---------+---------+---------+---------+

cell 5,6 has been enforced to 2.

value 2 has been removed from cell 4,5 domain because of cell 5,6 domain.
value 2 has been removed from cell 4,6 domain because of cell 5,6 domain.
value 2 has been removed from cell 9,6 domain because of cell 5,6 domain.
value 2 has been removed from cell 5,5 domain because of cell 5,6 domain.
value 2 has been removed from cell 5,8 domain because of cell 5,6 domain.

domains after applying arc consistency are : 
+---------+---------+---------+---------+---------+---------+---------+---------+---------+
|   [4]   |   [1]   |   [5]   |   [2]   |   [3]   |   [6]   |   [7]   |   [8]   |   [9]   | 
|         |         |         |         |         |         |         |         |         | 
|         |         |         |         |         |         |         |         |         | 
+---------+---------+---------+---------+---------+---------+---------+---------+---------+
|   [6]   |   [2]   |   [7]   |   [8]   |   [9]   |   [5]   |   [3]   |   [1]   |   [4]   | 
|         |         |         |         |         |         |         |         |         | 
|         |         |         |         |         |         |         |         |         | 
+---------+---------+---------+---------+---------+---------+---------+---------+---------+
|   [8]   |   [3]   |   [9]   |   [1]   |   [4]   |   [7]   |   [2]   |   [5]   |   [6]   | 
|         |         |         |         |         |         |         |         |         | 
|         |         |         |         |         |         |         |         |         | 
+---------+---------+---------+---------+---------+---------+---------+---------+---------+
|   [7]   |   [4]   |   [8]   | [3,5,6, | [1,5,6] | [1,3,9] | [1,5,6, | [2,3,6, | [1,3,5] | 
|         |         |         |  9]     |         |         |  9]     |  9]     |         | 
|         |         |         |         |         |         |         |         |         | 
+---------+---------+---------+---------+---------+---------+---------+---------+---------+
|   [9]   |   [5]   |   [1]   | [3,6,7] |  [6,7]  |   [2]   |   [4]   |  [3,6]  |   [8]   | 
|         |         |         |         |         |         |         |         |         | 
|         |         |         |         |         |         |         |         |         | 
+---------+---------+---------+---------+---------+---------+---------+---------+---------+
|   [3]   |   [6]   |   [2]   | [4,5,9] | [1,5,8] | [1,4,8, | [1,5,9] |   [7]   |  [1,5]  | 
|         |         |         |         |         |  9]     |         |         |         | 
|         |         |         |         |         |         |         |         |         | 
+---------+---------+---------+---------+---------+---------+---------+---------+---------+
|   [1]   |   [7]   |   [3]   | [4,5,6, | [5,6,8] | [4,8,9] | [5,6,9] | [4,6,9] |   [2]   | 
|         |         |         |  9]     |         |         |         |         |         | 
|         |         |         |         |         |         |         |         |         | 
+---------+---------+---------+---------+---------+---------+---------+---------+---------+
|   [2]   |   [8]   |   [4]   | [3,5,6, | [1,5,6, | [1,3,9] | [1,5,6, | [3,6,9] | [1,3,5, | 
|         |         |         |  7,9]   |  7]     |         |  9]     |         |  7]     | 
|         |         |         |         |         |         |         |         |         | 
+---------+---------+---------+---------+---------+---------+---------+---------+---------+
|   [5]   |   [9]   |   [6]   | [3,4,7] | [1,2,7] | [1,3,4] |   [8]   |  [3,4]  | [1,3,7] | 
|         |         |         |         |         |         |         |         |         | 
|         |         |         |         |         |         |         |         |         | 
+---------+---------+---------+---------+---------+---------+---------+---------+---------+

cell 5,5 has been enforced to 7.

value 7 has been removed from cell 8,5 domain because of cell 5,5 domain.
value 7 has been removed from cell 9,5 domain because of cell 5,5 domain.
value 7 has been removed from cell 5,4 domain because of cell 5,5 domain.

domains after applying arc consistency are : 
+---------+---------+---------+---------+---------+---------+---------+---------+---------+
|   [4]   |   [1]   |   [5]   |   [2]   |   [3]   |   [6]   |   [7]   |   [8]   |   [9]   | 
|         |         |         |         |         |         |         |         |         | 
|         |         |         |         |         |         |         |         |         | 
+---------+---------+---------+---------+---------+---------+---------+---------+---------+
|   [6]   |   [2]   |   [7]   |   [8]   |   [9]   |   [5]   |   [3]   |   [1]   |   [4]   | 
|         |         |         |         |         |         |         |         |         | 
|         |         |         |         |         |         |         |         |         | 
+---------+---------+---------+---------+---------+---------+---------+---------+---------+
|   [8]   |   [3]   |   [9]   |   [1]   |   [4]   |   [7]   |   [2]   |   [5]   |   [6]   | 
|         |         |         |         |         |         |         |         |         | 
|         |         |         |         |         |         |         |         |         | 
+---------+---------+---------+---------+---------+---------+---------+---------+---------+
|   [7]   |   [4]   |   [8]   | [3,5,6, | [1,5,6] | [1,3,9] | [1,5,6, | [2,3,6, | [1,3,5] | 
|         |         |         |  9]     |         |         |  9]     |  9]     |         | 
|         |         |         |         |         |         |         |         |         | 
+---------+---------+---------+---------+---------+---------+---------+---------+---------+
|   [9]   |   [5]   |   [1]   |  [3,6]  |   [7]   |   [2]   |   [4]   |  [3,6]  |   [8]   | 
|         |         |         |         |         |         |         |         |         | 
|         |         |         |         |         |         |         |         |         | 
+---------+---------+---------+---------+---------+---------+---------+---------+---------+
|   [3]   |   [6]   |   [2]   | [4,5,9] | [1,5,8] | [1,4,8, | [1,5,9] |   [7]   |  [1,5]  | 
|         |         |         |         |         |  9]     |         |         |         | 
|         |         |         |         |         |         |         |         |         | 
+---------+---------+---------+---------+---------+---------+---------+---------+---------+
|   [1]   |   [7]   |   [3]   | [4,5,6, | [5,6,8] | [4,8,9] | [5,6,9] | [4,6,9] |   [2]   | 
|         |         |         |  9]     |         |         |         |         |         | 
|         |         |         |         |         |         |         |         |         | 
+---------+---------+---------+---------+---------+---------+---------+---------+---------+
|   [2]   |   [8]   |   [4]   | [3,5,6, | [1,5,6] | [1,3,9] | [1,5,6, | [3,6,9] | [1,3,5, | 
|         |         |         |  7,9]   |         |         |  9]     |         |  7]     | 
|         |         |         |         |         |         |         |         |         | 
+---------+---------+---------+---------+---------+---------+---------+---------+---------+
|   [5]   |   [9]   |   [6]   | [3,4,7] |  [1,2]  | [1,3,4] |   [8]   |  [3,4]  | [1,3,7] | 
|         |         |         |         |         |         |         |         |         | 
|         |         |         |         |         |         |         |         |         | 
+---------+---------+---------+---------+---------+---------+---------+---------+---------+

cell 5,4 has been enforced to 3.

value 3 has been removed from cell 4,6 domain because of cell 5,4 domain.
value 3 has been removed from cell 4,4 domain because of cell 5,4 domain.
value 3 has been removed from cell 8,4 domain because of cell 5,4 domain.
value 3 has been removed from cell 9,4 domain because of cell 5,4 domain.
value 3 has been removed from cell 5,8 domain because of cell 5,4 domain.
value 6 has been removed from cell 4,7 domain because of cell 5,8 domain.
value 6 has been removed from cell 4,8 domain because of cell 5,8 domain.
value 6 has been removed from cell 7,8 domain because of cell 5,8 domain.
value 6 has been removed from cell 8,8 domain because of cell 5,8 domain.

domains after applying arc consistency are : 
+---------+---------+---------+---------+---------+---------+---------+---------+---------+
|   [4]   |   [1]   |   [5]   |   [2]   |   [3]   |   [6]   |   [7]   |   [8]   |   [9]   | 
|         |         |         |         |         |         |         |         |         | 
|         |         |         |         |         |         |         |         |         | 
+---------+---------+---------+---------+---------+---------+---------+---------+---------+
|   [6]   |   [2]   |   [7]   |   [8]   |   [9]   |   [5]   |   [3]   |   [1]   |   [4]   | 
|         |         |         |         |         |         |         |         |         | 
|         |         |         |         |         |         |         |         |         | 
+---------+---------+---------+---------+---------+---------+---------+---------+---------+
|   [8]   |   [3]   |   [9]   |   [1]   |   [4]   |   [7]   |   [2]   |   [5]   |   [6]   | 
|         |         |         |         |         |         |         |         |         | 
|         |         |         |         |         |         |         |         |         | 
+---------+---------+---------+---------+---------+---------+---------+---------+---------+
|   [7]   |   [4]   |   [8]   | [5,6,9] | [1,5,6] |  [1,9]  | [1,5,9] | [2,3,9] | [1,3,5] | 
|         |         |         |         |         |         |         |         |         | 
|         |         |         |         |         |         |         |         |         | 
+---------+---------+---------+---------+---------+---------+---------+---------+---------+
|   [9]   |   [5]   |   [1]   |   [3]   |   [7]   |   [2]   |   [4]   |   [6]   |   [8]   | 
|         |         |         |         |         |         |         |         |         | 
|         |         |         |         |         |         |         |         |         | 
+---------+---------+---------+---------+---------+---------+---------+---------+---------+
|   [3]   |   [6]   |   [2]   | [4,5,9] | [1,5,8] | [1,4,8, | [1,5,9] |   [7]   |  [1,5]  | 
|         |         |         |         |         |  9]     |         |         |         | 
|         |         |         |         |         |         |         |         |         | 
+---------+---------+---------+---------+---------+---------+---------+---------+---------+
|   [1]   |   [7]   |   [3]   | [4,5,6, | [5,6,8] | [4,8,9] | [5,6,9] |  [4,9]  |   [2]   | 
|         |         |         |  9]     |         |         |         |         |         | 
|         |         |         |         |         |         |         |         |         | 
+---------+---------+---------+---------+---------+---------+---------+---------+---------+
|   [2]   |   [8]   |   [4]   | [5,6,7, | [1,5,6] | [1,3,9] | [1,5,6, |  [3,9]  | [1,3,5, | 
|         |         |         |  9]     |         |         |  9]     |         |  7]     | 
|         |         |         |         |         |         |         |         |         | 
+---------+---------+---------+---------+---------+---------+---------+---------+---------+
|   [5]   |   [9]   |   [6]   |  [4,7]  |  [1,2]  | [1,3,4] |   [8]   |  [3,4]  | [1,3,7] | 
|         |         |         |         |         |         |         |         |         | 
|         |         |         |         |         |         |         |         |         | 
+---------+---------+---------+---------+---------+---------+---------+---------+---------+

cell 4,6 has been enforced to 1.

value 1 has been removed from cell 6,5 domain because of cell 4,6 domain.
value 1 has been removed from cell 6,6 domain because of cell 4,6 domain.
value 1 has been removed from cell 8,6 domain because of cell 4,6 domain.
value 1 has been removed from cell 9,6 domain because of cell 4,6 domain.
value 1 has been removed from cell 4,5 domain because of cell 4,6 domain.
value 1 has been removed from cell 4,7 domain because of cell 4,6 domain.
value 1 has been removed from cell 4,9 domain because of cell 4,6 domain.

domains after applying arc consistency are : 
+---------+---------+---------+---------+---------+---------+---------+---------+---------+
|   [4]   |   [1]   |   [5]   |   [2]   |   [3]   |   [6]   |   [7]   |   [8]   |   [9]   | 
|         |         |         |         |         |         |         |         |         | 
|         |         |         |         |         |         |         |         |         | 
+---------+---------+---------+---------+---------+---------+---------+---------+---------+
|   [6]   |   [2]   |   [7]   |   [8]   |   [9]   |   [5]   |   [3]   |   [1]   |   [4]   | 
|         |         |         |         |         |         |         |         |         | 
|         |         |         |         |         |         |         |         |         | 
+---------+---------+---------+---------+---------+---------+---------+---------+---------+
|   [8]   |   [3]   |   [9]   |   [1]   |   [4]   |   [7]   |   [2]   |   [5]   |   [6]   | 
|         |         |         |         |         |         |         |         |         | 
|         |         |         |         |         |         |         |         |         | 
+---------+---------+---------+---------+---------+---------+---------+---------+---------+
|   [7]   |   [4]   |   [8]   | [5,6,9] |  [5,6]  |   [1]   |  [5,9]  | [2,3,9] |  [3,5]  | 
|         |         |         |         |         |         |         |         |         | 
|         |         |         |         |         |         |         |         |         | 
+---------+---------+---------+---------+---------+---------+---------+---------+---------+
|   [9]   |   [5]   |   [1]   |   [3]   |   [7]   |   [2]   |   [4]   |   [6]   |   [8]   | 
|         |         |         |         |         |         |         |         |         | 
|         |         |         |         |         |         |         |         |         | 
+---------+---------+---------+---------+---------+---------+---------+---------+---------+
|   [3]   |   [6]   |   [2]   | [4,5,9] |  [5,8]  | [4,8,9] | [1,5,9] |   [7]   |  [1,5]  | 
|         |         |         |         |         |         |         |         |         | 
|         |         |         |         |         |         |         |         |         | 
+---------+---------+---------+---------+---------+---------+---------+---------+---------+
|   [1]   |   [7]   |   [3]   | [4,5,6, | [5,6,8] | [4,8,9] | [5,6,9] |  [4,9]  |   [2]   | 
|         |         |         |  9]     |         |         |         |         |         | 
|         |         |         |         |         |         |         |         |         | 
+---------+---------+---------+---------+---------+---------+---------+---------+---------+
|   [2]   |   [8]   |   [4]   | [5,6,7, | [1,5,6] |  [3,9]  | [1,5,6, |  [3,9]  | [1,3,5, | 
|         |         |         |  9]     |         |         |  9]     |         |  7]     | 
|         |         |         |         |         |         |         |         |         | 
+---------+---------+---------+---------+---------+---------+---------+---------+---------+
|   [5]   |   [9]   |   [6]   |  [4,7]  |  [1,2]  |  [3,4]  |   [8]   |  [3,4]  | [1,3,7] | 
|         |         |         |         |         |         |         |         |         | 
|         |         |         |         |         |         |         |         |         | 
+---------+---------+---------+---------+---------+---------+---------+---------+---------+

cell 4,5 has been enforced to 6.

value 6 has been removed from cell 7,5 domain because of cell 4,5 domain.
value 6 has been removed from cell 8,5 domain because of cell 4,5 domain.
value 6 has been removed from cell 4,4 domain because of cell 4,5 domain.

domains after applying arc consistency are : 
+---------+---------+---------+---------+---------+---------+---------+---------+---------+
|   [4]   |   [1]   |   [5]   |   [2]   |   [3]   |   [6]   |   [7]   |   [8]   |   [9]   | 
|         |         |         |         |         |         |         |         |         | 
|         |         |         |         |         |         |         |         |         | 
+---------+---------+---------+---------+---------+---------+---------+---------+---------+
|   [6]   |   [2]   |   [7]   |   [8]   |   [9]   |   [5]   |   [3]   |   [1]   |   [4]   | 
|         |         |         |         |         |         |         |         |         | 
|         |         |         |         |         |         |         |         |         | 
+---------+---------+---------+---------+---------+---------+---------+---------+---------+
|   [8]   |   [3]   |   [9]   |   [1]   |   [4]   |   [7]   |   [2]   |   [5]   |   [6]   | 
|         |         |         |         |         |         |         |         |         | 
|         |         |         |         |         |         |         |         |         | 
+---------+---------+---------+---------+---------+---------+---------+---------+---------+
|   [7]   |   [4]   |   [8]   |  [5,9]  |   [6]   |   [1]   |  [5,9]  | [2,3,9] |  [3,5]  | 
|         |         |         |         |         |         |         |         |         | 
|         |         |         |         |         |         |         |         |         | 
+---------+---------+---------+---------+---------+---------+---------+---------+---------+
|   [9]   |   [5]   |   [1]   |   [3]   |   [7]   |   [2]   |   [4]   |   [6]   |   [8]   | 
|         |         |         |         |         |         |         |         |         | 
|         |         |         |         |         |         |         |         |         | 
+---------+---------+---------+---------+---------+---------+---------+---------+---------+
|   [3]   |   [6]   |   [2]   | [4,5,9] |  [5,8]  | [4,8,9] | [1,5,9] |   [7]   |  [1,5]  | 
|         |         |         |         |         |         |         |         |         | 
|         |         |         |         |         |         |         |         |         | 
+---------+---------+---------+---------+---------+---------+---------+---------+---------+
|   [1]   |   [7]   |   [3]   | [4,5,6, |  [5,8]  | [4,8,9] | [5,6,9] |  [4,9]  |   [2]   | 
|         |         |         |  9]     |         |         |         |         |         | 
|         |         |         |         |         |         |         |         |         | 
+---------+---------+---------+---------+---------+---------+---------+---------+---------+
|   [2]   |   [8]   |   [4]   | [5,6,7, |  [1,5]  |  [3,9]  | [1,5,6, |  [3,9]  | [1,3,5, | 
|         |         |         |  9]     |         |         |  9]     |         |  7]     | 
|         |         |         |         |         |         |         |         |         | 
+---------+---------+---------+---------+---------+---------+---------+---------+---------+
|   [5]   |   [9]   |   [6]   |  [4,7]  |  [1,2]  |  [3,4]  |   [8]   |  [3,4]  | [1,3,7] | 
|         |         |         |         |         |         |         |         |         | 
|         |         |         |         |         |         |         |         |         | 
+---------+---------+---------+---------+---------+---------+---------+---------+---------+

cell 4,4 has been enforced to 5.

value 5 has been removed from cell 6,5 domain because of cell 4,4 domain.
value 5 has been removed from cell 6,4 domain because of cell 4,4 domain.
value 5 has been removed from cell 7,4 domain because of cell 4,4 domain.
value 5 has been removed from cell 8,4 domain because of cell 4,4 domain.
value 5 has been removed from cell 4,7 domain because of cell 4,4 domain.
value 5 has been removed from cell 4,9 domain because of cell 4,4 domain.
value 9 has been removed from cell 6,7 domain because of cell 4,7 domain.
value 9 has been removed from cell 7,7 domain because of cell 4,7 domain.
value 9 has been removed from cell 8,7 domain because of cell 4,7 domain.
value 9 has been removed from cell 4,8 domain because of cell 4,7 domain.
value 3 has been removed from cell 8,9 domain because of cell 4,9 domain.
value 3 has been removed from cell 9,9 domain because of cell 4,9 domain.
value 3 has been removed from cell 4,8 domain because of cell 4,9 domain.
value 8 has been removed from cell 7,5 domain because of cell 6,5 domain.
value 8 has been removed from cell 6,6 domain because of cell 6,5 domain.
value 5 has been removed from cell 8,5 domain because of cell 7,5 domain.
value 5 has been removed from cell 7,7 domain because of cell 7,5 domain.
value 6 has been removed from cell 8,7 domain because of cell 7,7 domain.
value 6 has been removed from cell 7,4 domain because of cell 7,7 domain.
value 1 has been removed from cell 9,5 domain because of cell 8,5 domain.
value 1 has been removed from cell 8,7 domain because of cell 8,5 domain.
value 1 has been removed from cell 8,9 domain because of cell 8,5 domain.
value 5 has been removed from cell 6,7 domain because of cell 8,7 domain.
value 5 has been removed from cell 8,9 domain because of cell 8,7 domain.
value 7 has been removed from cell 9,9 domain because of cell 8,9 domain.
value 7 has been removed from cell 8,4 domain because of cell 8,9 domain.
value 1 has been removed from cell 6,9 domain because of cell 9,9 domain.

domains after applying arc consistency are : 
+---------+---------+---------+---------+---------+---------+---------+---------+---------+
|   [4]   |   [1]   |   [5]   |   [2]   |   [3]   |   [6]   |   [7]   |   [8]   |   [9]   | 
|         |         |         |         |         |         |         |         |         | 
|         |         |         |         |         |         |         |         |         | 
+---------+---------+---------+---------+---------+---------+---------+---------+---------+
|   [6]   |   [2]   |   [7]   |   [8]   |   [9]   |   [5]   |   [3]   |   [1]   |   [4]   | 
|         |         |         |         |         |         |         |         |         | 
|         |         |         |         |         |         |         |         |         | 
+---------+---------+---------+---------+---------+---------+---------+---------+---------+
|   [8]   |   [3]   |   [9]   |   [1]   |   [4]   |   [7]   |   [2]   |   [5]   |   [6]   | 
|         |         |         |         |         |         |         |         |         | 
|         |         |         |         |         |         |         |         |         | 
+---------+---------+---------+---------+---------+---------+---------+---------+---------+
|   [7]   |   [4]   |   [8]   |   [5]   |   [6]   |   [1]   |   [9]   |   [2]   |   [3]   | 
|         |         |         |         |         |         |         |         |         | 
|         |         |         |         |         |         |         |         |         | 
+---------+---------+---------+---------+---------+---------+---------+---------+---------+
|   [9]   |   [5]   |   [1]   |   [3]   |   [7]   |   [2]   |   [4]   |   [6]   |   [8]   | 
|         |         |         |         |         |         |         |         |         | 
|         |         |         |         |         |         |         |         |         | 
+---------+---------+---------+---------+---------+---------+---------+---------+---------+
|   [3]   |   [6]   |   [2]   |  [4,9]  |   [8]   |  [4,9]  |   [1]   |   [7]   |   [5]   | 
|         |         |         |         |         |         |         |         |         | 
|         |         |         |         |         |         |         |         |         | 
+---------+---------+---------+---------+---------+---------+---------+---------+---------+
|   [1]   |   [7]   |   [3]   |  [4,9]  |   [5]   | [4,8,9] |   [6]   |  [4,9]  |   [2]   | 
|         |         |         |         |         |         |         |         |         | 
|         |         |         |         |         |         |         |         |         | 
+---------+---------+---------+---------+---------+---------+---------+---------+---------+
|   [2]   |   [8]   |   [4]   |  [6,9]  |   [1]   |  [3,9]  |   [5]   |  [3,9]  |   [7]   | 
|         |         |         |         |         |         |         |         |         | 
|         |         |         |         |         |         |         |         |         | 
+---------+---------+---------+---------+---------+---------+---------+---------+---------+
|   [5]   |   [9]   |   [6]   |  [4,7]  |   [2]   |  [3,4]  |   [8]   |  [3,4]  |   [1]   | 
|         |         |         |         |         |         |         |         |         | 
|         |         |         |         |         |         |         |         |         | 
+---------+---------+---------+---------+---------+---------+---------+---------+---------+

cell 6,4 has been enforced to 4.

value 4 has been removed from cell 7,4 domain because of cell 6,4 domain.
value 4 has been removed from cell 9,4 domain because of cell 6,4 domain.
value 4 has been removed from cell 6,6 domain because of cell 6,4 domain.
value 9 has been removed from cell 7,6 domain because of cell 6,6 domain.
value 9 has been removed from cell 8,6 domain because of cell 6,6 domain.
value 9 has been removed from cell 8,4 domain because of cell 7,4 domain.
value 9 has been removed from cell 7,8 domain because of cell 7,4 domain.
value 4 has been removed from cell 9,8 domain because of cell 7,8 domain.
value 4 has been removed from cell 7,6 domain because of cell 7,8 domain.
value 3 has been removed from cell 9,6 domain because of cell 8,6 domain.
value 3 has been removed from cell 8,8 domain because of cell 8,6 domain.

domains after applying arc consistency are : 
+---------+---------+---------+---------+---------+---------+---------+---------+---------+
|   [4]   |   [1]   |   [5]   |   [2]   |   [3]   |   [6]   |   [7]   |   [8]   |   [9]   | 
|         |         |         |         |         |         |         |         |         | 
|         |         |         |         |         |         |         |         |         | 
+---------+---------+---------+---------+---------+---------+---------+---------+---------+
|   [6]   |   [2]   |   [7]   |   [8]   |   [9]   |   [5]   |   [3]   |   [1]   |   [4]   | 
|         |         |         |         |         |         |         |         |         | 
|         |         |         |         |         |         |         |         |         | 
+---------+---------+---------+---------+---------+---------+---------+---------+---------+
|   [8]   |   [3]   |   [9]   |   [1]   |   [4]   |   [7]   |   [2]   |   [5]   |   [6]   | 
|         |         |         |         |         |         |         |         |         | 
|         |         |         |         |         |         |         |         |         | 
+---------+---------+---------+---------+---------+---------+---------+---------+---------+
|   [7]   |   [4]   |   [8]   |   [5]   |   [6]   |   [1]   |   [9]   |   [2]   |   [3]   | 
|         |         |         |         |         |         |         |         |         | 
|         |         |         |         |         |         |         |         |         | 
+---------+---------+---------+---------+---------+---------+---------+---------+---------+
|   [9]   |   [5]   |   [1]   |   [3]   |   [7]   |   [2]   |   [4]   |   [6]   |   [8]   | 
|         |         |         |         |         |         |         |         |         | 
|         |         |         |         |         |         |         |         |         | 
+---------+---------+---------+---------+---------+---------+---------+---------+---------+
|   [3]   |   [6]   |   [2]   |   [4]   |   [8]   |   [9]   |   [1]   |   [7]   |   [5]   | 
|         |         |         |         |         |         |         |         |         | 
|         |         |         |         |         |         |         |         |         | 
+---------+---------+---------+---------+---------+---------+---------+---------+---------+
|   [1]   |   [7]   |   [3]   |   [9]   |   [5]   |   [8]   |   [6]   |   [4]   |   [2]   | 
|         |         |         |         |         |         |         |         |         | 
|         |         |         |         |         |         |         |         |         | 
+---------+---------+---------+---------+---------+---------+---------+---------+---------+
|   [2]   |   [8]   |   [4]   |   [6]   |   [1]   |   [3]   |   [5]   |   [9]   |   [7]   | 
|         |         |         |         |         |         |         |         |         | 
|         |         |         |         |         |         |         |         |         | 
+---------+---------+---------+---------+---------+---------+---------+---------+---------+
|   [5]   |   [9]   |   [6]   |   [7]   |   [2]   |   [4]   |   [8]   |   [3]   |   [1]   | 
|         |         |         |         |         |         |         |         |         | 
|         |         |         |         |         |         |         |         |         | 
+---------+---------+---------+---------+---------+---------+---------+---------+---------+


solved !!!! 
solved !!!! 
solved !!!! 
solved !!!! 
solved !!!! 
solved !!!! 
solved !!!! 
solved !!!! 
solved !!!! 
solved !!!! 
solved !!!! 
solved !!!! 
solved !!!! 
solved !!!! 
solved !!!! 
solved !!!! 
solved !!!! 
solved !!!! 
solved !!!! 
solved !!!! 
solved !!!! 
solved !!!! 
solved !!!! 
solved !!!! 
solved !!!! 
solved !!!! 
solved !!!! 
solved !!!! 
solved !!!! 
solved !!!! 
solved !!!! 
solved !!!! 
solved !!!! 
solved !!!! 
solved !!!! 
solved !!!! 
solved !!!! 
solved !!!! 
solved !!!! 
solved !!!! 
solved !!!! 
solved !!!! 
solved !!!! 
solved !!!! 
solved !!!! 
solved !!!! 